# Blender 5.0.1
# www.blender.org
mtllib trampoline.mtl
o Cylinder
v 0.000000 0.002000 -0.221760
v 0.000000 0.674000 -0.181440
v 0.043263 0.002000 -0.217499
v 0.035397 0.674000 -0.177954
v 0.084864 0.002000 -0.204880
v 0.069434 0.674000 -0.167629
v 0.123203 0.002000 -0.184387
v 0.100803 0.674000 -0.150862
v 0.156808 0.002000 -0.156808
v 0.128297 0.674000 -0.128297
v 0.184387 0.002000 -0.123203
v 0.150862 0.674000 -0.100803
v 0.204880 0.002000 -0.084864
v 0.167629 0.674000 -0.069434
v 0.217499 0.002000 -0.043263
v 0.177954 0.674000 -0.035397
v 0.221760 0.002000 -0.000000
v 0.181440 0.674000 -0.000000
v 0.217499 0.002000 0.043263
v 0.177954 0.674000 0.035397
v 0.204880 0.002000 0.084864
v 0.167629 0.674000 0.069434
v 0.184387 0.002000 0.123203
v 0.150862 0.674000 0.100803
v 0.156808 0.002000 0.156808
v 0.128297 0.674000 0.128297
v 0.123203 0.002000 0.184387
v 0.100803 0.674000 0.150862
v 0.084864 0.002000 0.204880
v 0.069434 0.674000 0.167629
v 0.043263 0.002000 0.217499
v 0.035397 0.674000 0.177954
v 0.000000 0.002000 0.221760
v 0.000000 0.674000 0.181440
v -0.043263 0.002000 0.217499
v -0.035397 0.674000 0.177954
v -0.084864 0.002000 0.204880
v -0.069434 0.674000 0.167629
v -0.123203 0.002000 0.184387
v -0.100803 0.674000 0.150862
v -0.156808 0.002000 0.156808
v -0.128297 0.674000 0.128297
v -0.184387 0.002000 0.123203
v -0.150862 0.674000 0.100803
v -0.204880 0.002000 0.084864
v -0.167629 0.674000 0.069434
v -0.217499 0.002000 0.043263
v -0.177954 0.674000 0.035397
v -0.221760 0.002000 -0.000000
v -0.181440 0.674000 -0.000000
v -0.217499 0.002000 -0.043263
v -0.177954 0.674000 -0.035397
v -0.204880 0.002000 -0.084864
v -0.167629 0.674000 -0.069434
v -0.184387 0.002000 -0.123203
v -0.150862 0.674000 -0.100803
v -0.156808 0.002000 -0.156808
v -0.128297 0.674000 -0.128297
v -0.123203 0.002000 -0.184387
v -0.100803 0.674000 -0.150862
v -0.084864 0.002000 -0.204880
v -0.069434 0.674000 -0.167629
v -0.043263 0.002000 -0.217499
v -0.035397 0.674000 -0.177954
v 0.000000 0.338000 -0.141120
v 0.027531 0.338000 -0.138408
v 0.054004 0.338000 -0.130378
v 0.078402 0.338000 -0.117337
v 0.099787 0.338000 -0.099787
v 0.117337 0.338000 -0.078402
v 0.130378 0.338000 -0.054004
v 0.138408 0.338000 -0.027531
v 0.141120 0.338000 0.000000
v 0.138408 0.338000 0.027531
v 0.130378 0.338000 0.054004
v 0.117337 0.338000 0.078402
v 0.099787 0.338000 0.099787
v 0.078402 0.338000 0.117337
v 0.054004 0.338000 0.130378
v 0.027531 0.338000 0.138408
v 0.000000 0.338000 0.141120
v -0.027531 0.338000 0.138408
v -0.054004 0.338000 0.130378
v -0.078402 0.338000 0.117337
v -0.099787 0.338000 0.099787
v -0.117337 0.338000 0.078402
v -0.130378 0.338000 0.054004
v -0.138408 0.338000 0.027531
v -0.141120 0.338000 0.000000
v -0.138408 0.338000 -0.027531
v -0.130378 0.338000 -0.054004
v -0.117337 0.338000 -0.078402
v -0.099787 0.338000 -0.099787
v -0.078402 0.338000 -0.117337
v -0.054004 0.338000 -0.130378
v -0.027531 0.338000 -0.138408
v 0.019665 0.151100 -0.098863
v 0.038575 0.151100 -0.093127
v 0.056001 0.151100 -0.083812
v 0.071276 0.151100 -0.071276
v 0.083812 0.151100 -0.056001
v 0.093127 0.151100 -0.038575
v 0.098863 0.151100 -0.019665
v 0.100800 0.151100 -0.000000
v 0.098863 0.151100 0.019665
v 0.093127 0.151100 0.038574
v 0.083812 0.151100 0.056001
v 0.071276 0.151100 0.071276
v 0.056001 0.151100 0.083812
v 0.038575 0.151100 0.093127
v 0.019665 0.151100 0.098863
v 0.000000 0.151100 0.100800
v -0.019665 0.151100 0.098863
v -0.038574 0.151100 0.093127
v -0.056001 0.151100 0.083812
v -0.071276 0.151100 0.071276
v -0.083812 0.151100 0.056001
v -0.093127 0.151100 0.038574
v -0.098863 0.151100 0.019665
v -0.100800 0.151100 -0.000000
v -0.098863 0.151100 -0.019665
v -0.093127 0.151100 -0.038575
v -0.083812 0.151100 -0.056001
v -0.071276 0.151100 -0.071276
v -0.056001 0.151100 -0.083812
v -0.038574 0.151100 -0.093127
v -0.019665 0.151100 -0.098863
v 0.000000 0.151100 -0.100800
v 0.019665 0.112775 -0.098863
v 0.038575 0.112775 -0.093127
v 0.056001 0.112775 -0.083812
v 0.071276 0.112775 -0.071276
v 0.083812 0.112775 -0.056001
v 0.093127 0.112775 -0.038575
v 0.098863 0.112775 -0.019665
v 0.100800 0.112775 -0.000000
v 0.098863 0.112775 0.019665
v 0.093127 0.112775 0.038574
v 0.083812 0.112775 0.056001
v 0.071276 0.112775 0.071276
v 0.056001 0.112775 0.083812
v 0.038575 0.112775 0.093127
v 0.019665 0.112775 0.098863
v 0.000000 0.112775 0.100800
v -0.019665 0.112775 0.098863
v -0.038574 0.112775 0.093127
v -0.056001 0.112775 0.083812
v -0.071276 0.112775 0.071276
v -0.083812 0.112775 0.056001
v -0.093127 0.112775 0.038574
v -0.098863 0.112775 0.019665
v -0.100800 0.112775 -0.000000
v -0.098863 0.112775 -0.019665
v -0.093127 0.112775 -0.038575
v -0.083812 0.112775 -0.056001
v -0.071276 0.112775 -0.071276
v -0.056001 0.112775 -0.083812
v -0.038574 0.112775 -0.093127
v -0.019665 0.112775 -0.098863
v 0.000000 0.112775 -0.100800
v 0.000000 0.166955 -0.139709
v 0.027256 0.166955 -0.137024
v 0.053464 0.166955 -0.129074
v 0.077618 0.166955 -0.116164
v 0.098789 0.166955 -0.098789
v 0.116164 0.166955 -0.077618
v 0.129074 0.166955 -0.053464
v 0.137024 0.166955 -0.027256
v 0.139709 0.166955 0.000000
v 0.137024 0.166955 0.027256
v 0.129074 0.166955 0.053464
v 0.116164 0.166955 0.077618
v 0.098789 0.166955 0.098789
v 0.077618 0.166955 0.116164
v 0.053464 0.166955 0.129074
v 0.027256 0.166955 0.137024
v 0.000000 0.166955 0.139709
v -0.027256 0.166955 0.137024
v -0.053464 0.166955 0.129074
v -0.077618 0.166955 0.116164
v -0.098789 0.166955 0.098789
v -0.116164 0.166955 0.077618
v -0.129074 0.166955 0.053464
v -0.137024 0.166955 0.027256
v -0.139709 0.166955 0.000000
v -0.137024 0.166955 -0.027256
v -0.129074 0.166955 -0.053464
v -0.116164 0.166955 -0.077618
v -0.098789 0.166955 -0.098789
v -0.077618 0.166955 -0.116164
v -0.053464 0.166955 -0.129074
v -0.027256 0.166955 -0.137024
v 0.024516 0.156928 -0.123251
v 0.048090 0.156928 -0.116100
v 0.069816 0.156928 -0.104487
v 0.088859 0.156928 -0.088859
v 0.104487 0.156928 -0.069816
v 0.116100 0.156928 -0.048090
v 0.123251 0.156928 -0.024516
v 0.125666 0.156928 -0.000000
v 0.123251 0.156928 0.024516
v 0.116100 0.156928 0.048090
v 0.104487 0.156928 0.069816
v 0.088859 0.156928 0.088859
v 0.069816 0.156928 0.104487
v 0.048090 0.156928 0.116100
v 0.024516 0.156928 0.123251
v 0.000000 0.156928 0.125666
v -0.024516 0.156928 0.123251
v -0.048090 0.156928 0.116100
v -0.069816 0.156928 0.104487
v -0.088859 0.156928 0.088859
v -0.104487 0.156928 0.069816
v -0.116100 0.156928 0.048090
v -0.123251 0.156928 0.024516
v -0.125666 0.156928 -0.000000
v -0.123251 0.156928 -0.024516
v -0.116100 0.156928 -0.048090
v -0.104487 0.156928 -0.069816
v -0.088859 0.156928 -0.088859
v -0.069816 0.156928 -0.104487
v -0.048090 0.156928 -0.116100
v -0.024516 0.156928 -0.123251
v 0.000000 0.156928 -0.125666
v 0.042831 0.027988 -0.215324
v 0.084015 0.027988 -0.202831
v 0.121971 0.027988 -0.182543
v 0.155240 0.027988 -0.155240
v 0.182543 0.027988 -0.121971
v 0.202831 0.027988 -0.084015
v 0.215324 0.027988 -0.042831
v 0.219542 0.027988 -0.000000
v 0.215324 0.027988 0.042831
v 0.202831 0.027988 0.084015
v 0.182543 0.027988 0.121971
v 0.155240 0.027988 0.155240
v 0.121971 0.027988 0.182543
v 0.084015 0.027988 0.202831
v 0.042831 0.027988 0.215324
v 0.000000 0.027988 0.219542
v -0.042831 0.027988 0.215324
v -0.084015 0.027988 0.202831
v -0.121971 0.027988 0.182543
v -0.155240 0.027988 0.155240
v -0.182543 0.027988 0.121971
v -0.202831 0.027988 0.084015
v -0.215324 0.027988 0.042831
v -0.219542 0.027988 -0.000000
v -0.215324 0.027988 -0.042831
v -0.202831 0.027988 -0.084015
v -0.182543 0.027988 -0.121971
v -0.155240 0.027988 -0.155240
v -0.121971 0.027988 -0.182543
v -0.084015 0.027988 -0.202831
v -0.042831 0.027988 -0.215324
v 0.000000 0.027988 -0.219542
v 0.000000 0.066181 -0.198253
v 0.038677 0.066181 -0.194444
v 0.075868 0.066181 -0.183162
v 0.110144 0.066181 -0.164842
v 0.140186 0.066181 -0.140186
v 0.164842 0.066181 -0.110144
v 0.183162 0.066181 -0.075868
v 0.194444 0.066181 -0.038677
v 0.198253 0.066181 -0.000000
v 0.194444 0.066181 0.038677
v 0.183162 0.066181 0.075868
v 0.164842 0.066181 0.110144
v 0.140186 0.066181 0.140186
v 0.110144 0.066181 0.164842
v 0.075868 0.066181 0.183162
v 0.038677 0.066181 0.194444
v 0.000000 0.066181 0.198253
v -0.038677 0.066181 0.194444
v -0.075868 0.066181 0.183162
v -0.110144 0.066181 0.164842
v -0.140186 0.066181 0.140186
v -0.164842 0.066181 0.110144
v -0.183162 0.066181 0.075868
v -0.194444 0.066181 0.038677
v -0.198253 0.066181 -0.000000
v -0.194444 0.066181 -0.038677
v -0.183162 0.066181 -0.075868
v -0.164842 0.066181 -0.110144
v -0.140186 0.066181 -0.140186
v -0.110144 0.066181 -0.164842
v -0.075868 0.066181 -0.183162
v -0.038677 0.066181 -0.194444
v 0.000000 0.085278 -0.170023
v 0.033170 0.085278 -0.166756
v 0.065065 0.085278 -0.157081
v 0.094460 0.085278 -0.141369
v 0.120225 0.085278 -0.120225
v 0.141369 0.085278 -0.094460
v 0.157081 0.085278 -0.065065
v 0.166756 0.085278 -0.033170
v 0.170023 0.085278 -0.000000
v 0.166756 0.085278 0.033170
v 0.157081 0.085278 0.065065
v 0.141369 0.085278 0.094460
v 0.120225 0.085278 0.120225
v 0.094460 0.085278 0.141369
v 0.065065 0.085278 0.157081
v 0.033170 0.085278 0.166756
v 0.000000 0.085278 0.170023
v -0.033170 0.085278 0.166756
v -0.065065 0.085278 0.157081
v -0.094460 0.085278 0.141369
v -0.120225 0.085278 0.120225
v -0.141369 0.085278 0.094460
v -0.157081 0.085278 0.065065
v -0.166756 0.085278 0.033170
v -0.170023 0.085278 -0.000000
v -0.166756 0.085278 -0.033170
v -0.157081 0.085278 -0.065065
v -0.141369 0.085278 -0.094460
v -0.120225 0.085278 -0.120225
v -0.094460 0.085278 -0.141369
v -0.065065 0.085278 -0.157081
v -0.033170 0.085278 -0.166756
v 0.000000 0.388400 -0.179263
v 0.034972 0.388400 -0.175818
v 0.068601 0.388400 -0.165617
v 0.099593 0.388400 -0.149052
v 0.126758 0.388400 -0.126758
v 0.149052 0.388400 -0.099593
v 0.165617 0.388400 -0.068601
v 0.175818 0.388400 -0.034972
v 0.179263 0.388400 0.000000
v 0.175818 0.388400 0.034972
v 0.165617 0.388400 0.068601
v 0.149052 0.388400 0.099593
v 0.126758 0.388400 0.126758
v 0.099593 0.388400 0.149052
v 0.068601 0.388400 0.165617
v 0.034972 0.388400 0.175818
v 0.000000 0.388400 0.179263
v -0.034972 0.388400 0.175818
v -0.068601 0.388400 0.165617
v -0.099593 0.388400 0.149052
v -0.126758 0.388400 0.126758
v -0.149052 0.388400 0.099593
v -0.165617 0.388400 0.068601
v -0.175818 0.388400 0.034972
v -0.179263 0.388400 0.000000
v -0.175818 0.388400 -0.034972
v -0.165617 0.388400 -0.068601
v -0.149052 0.388400 -0.099593
v -0.126758 0.388400 -0.126758
v -0.099593 0.388400 -0.149052
v -0.068601 0.388400 -0.165617
v -0.034972 0.388400 -0.175818
v 0.032863 0.361100 -0.165212
v 0.064463 0.361100 -0.155627
v 0.093585 0.361100 -0.140060
v 0.119111 0.361100 -0.119111
v 0.140060 0.361100 -0.093585
v 0.155627 0.361100 -0.064463
v 0.165212 0.361100 -0.032863
v 0.168449 0.361100 0.000000
v 0.165212 0.361100 0.032863
v 0.155627 0.361100 0.064463
v 0.140060 0.361100 0.093585
v 0.119111 0.361100 0.119111
v 0.093585 0.361100 0.140060
v 0.064463 0.361100 0.155627
v 0.032863 0.361100 0.165212
v 0.000000 0.361100 0.168449
v -0.032863 0.361100 0.165212
v -0.064463 0.361100 0.155627
v -0.093585 0.361100 0.140060
v -0.119111 0.361100 0.119111
v -0.140060 0.361100 0.093585
v -0.155627 0.361100 0.064463
v -0.165212 0.361100 0.032863
v -0.168449 0.361100 0.000000
v -0.165212 0.361100 -0.032863
v -0.155627 0.361100 -0.064463
v -0.140060 0.361100 -0.093585
v -0.119111 0.361100 -0.119111
v -0.093585 0.361100 -0.140060
v -0.064463 0.361100 -0.155627
v -0.032863 0.361100 -0.165212
v 0.000000 0.361100 -0.168449
v 0.028820 0.343250 -0.144890
v 0.056533 0.343250 -0.136483
v 0.082074 0.343250 -0.122832
v 0.104460 0.343250 -0.104460
v 0.122832 0.343250 -0.082074
v 0.136483 0.343250 -0.056533
v 0.144890 0.343250 -0.028820
v 0.147728 0.343250 0.000000
v 0.144890 0.343250 0.028820
v 0.136483 0.343250 0.056533
v 0.122832 0.343250 0.082074
v 0.104460 0.343250 0.104460
v 0.082074 0.343250 0.122832
v 0.056533 0.343250 0.136483
v 0.028820 0.343250 0.144890
v 0.000000 0.343250 0.147728
v -0.028820 0.343250 0.144890
v -0.056533 0.343250 0.136483
v -0.082074 0.343250 0.122832
v -0.104460 0.343250 0.104460
v -0.122832 0.343250 0.082074
v -0.136483 0.343250 0.056533
v -0.144890 0.343250 0.028820
v -0.147728 0.343250 0.000000
v -0.144890 0.343250 -0.028820
v -0.136483 0.343250 -0.056533
v -0.122832 0.343250 -0.082074
v -0.104460 0.343250 -0.104460
v -0.082074 0.343250 -0.122832
v -0.056533 0.343250 -0.136483
v -0.028820 0.343250 -0.144890
v 0.000000 0.343250 -0.147728
v 0.000000 0.099027 -0.140452
v 0.027401 0.099027 -0.137753
v 0.053749 0.099027 -0.129760
v 0.078031 0.099027 -0.116781
v 0.099314 0.099027 -0.099314
v 0.116781 0.099027 -0.078031
v 0.129760 0.099027 -0.053749
v 0.137753 0.099027 -0.027401
v 0.140452 0.099027 -0.000000
v 0.137753 0.099027 0.027401
v 0.129760 0.099027 0.053749
v 0.116781 0.099027 0.078031
v 0.099314 0.099027 0.099314
v 0.078031 0.099027 0.116781
v 0.053749 0.099027 0.129760
v 0.027401 0.099027 0.137753
v 0.000000 0.099027 0.140452
v -0.027401 0.099027 0.137753
v -0.053749 0.099027 0.129760
v -0.078031 0.099027 0.116781
v -0.099314 0.099027 0.099314
v -0.116781 0.099027 0.078031
v -0.129760 0.099027 0.053749
v -0.137753 0.099027 0.027401
v -0.140452 0.099027 -0.000000
v -0.137753 0.099027 -0.027401
v -0.129760 0.099027 -0.053749
v -0.116781 0.099027 -0.078031
v -0.099314 0.099027 -0.099314
v -0.078031 0.099027 -0.116781
v -0.053749 0.099027 -0.129760
v -0.027401 0.099027 -0.137753
v 0.000000 0.161941 -0.136005
v 0.026533 0.161941 -0.133391
v 0.052047 0.161941 -0.125652
v 0.075560 0.161941 -0.113084
v 0.096170 0.161941 -0.096170
v 0.113084 0.161941 -0.075560
v 0.125652 0.161941 -0.052047
v 0.133391 0.161941 -0.026533
v 0.136005 0.161941 0.000000
v 0.133391 0.161941 0.026533
v 0.125652 0.161941 0.052047
v 0.113084 0.161941 0.075560
v 0.096170 0.161941 0.096170
v 0.075560 0.161941 0.113084
v 0.052047 0.161941 0.125652
v 0.026533 0.161941 0.133391
v 0.000000 0.161941 0.136005
v -0.026533 0.161941 0.133391
v -0.052047 0.161941 0.125652
v -0.075560 0.161941 0.113084
v -0.096170 0.161941 0.096170
v -0.113084 0.161941 0.075560
v -0.125652 0.161941 0.052047
v -0.133391 0.161941 0.026533
v -0.136005 0.161941 0.000000
v -0.133391 0.161941 -0.026533
v -0.125652 0.161941 -0.052047
v -0.113084 0.161941 -0.075560
v -0.096170 0.161941 -0.096170
v -0.075560 0.161941 -0.113084
v -0.052047 0.161941 -0.125652
v -0.026533 0.161941 -0.133391
v 0.020986 0.154014 -0.105504
v 0.041166 0.154014 -0.099383
v 0.059763 0.154014 -0.089442
v 0.076064 0.154014 -0.076064
v 0.089442 0.154014 -0.059763
v 0.099383 0.154014 -0.041166
v 0.105504 0.154014 -0.020986
v 0.107571 0.154014 -0.000000
v 0.105504 0.154014 0.020986
v 0.099383 0.154014 0.041166
v 0.089442 0.154014 0.059763
v 0.076064 0.154014 0.076064
v 0.059763 0.154014 0.089442
v 0.041166 0.154014 0.099383
v 0.020986 0.154014 0.105504
v 0.000000 0.154014 0.107571
v -0.020986 0.154014 0.105504
v -0.041166 0.154014 0.099383
v -0.059763 0.154014 0.089442
v -0.076064 0.154014 0.076064
v -0.089442 0.154014 0.059763
v -0.099383 0.154014 0.041166
v -0.105504 0.154014 0.020986
v -0.107571 0.154014 -0.000000
v -0.105504 0.154014 -0.020986
v -0.099383 0.154014 -0.041166
v -0.089442 0.154014 -0.059763
v -0.076064 0.154014 -0.076064
v -0.059763 0.154014 -0.089442
v -0.041166 0.154014 -0.099383
v -0.020986 0.154014 -0.105504
v 0.000000 0.154014 -0.107571
vn -0.0000 -0.1913 -0.9815
vn -0.0000 -0.0076 -1.0000
vn 0.1951 -0.0076 -0.9808
vn 0.1915 -0.1913 -0.9627
vn 0.3827 -0.0076 -0.9239
vn 0.3756 -0.1913 -0.9068
vn 0.5556 -0.0076 -0.8314
vn 0.5453 -0.1913 -0.8161
vn 0.7071 -0.0076 -0.7071
vn 0.6940 -0.1913 -0.6940
vn 0.8314 -0.0076 -0.5556
vn 0.8161 -0.1913 -0.5453
vn 0.9239 -0.0076 -0.3827
vn 0.9068 -0.1913 -0.3756
vn 0.9808 -0.0076 -0.1951
vn 0.9627 -0.1913 -0.1915
vn 1.0000 -0.0076 -0.0000
vn 0.9815 -0.1913 -0.0000
vn 0.9808 -0.0076 0.1951
vn 0.9627 -0.1913 0.1915
vn 0.9239 -0.0076 0.3827
vn 0.9068 -0.1913 0.3756
vn 0.8314 -0.0076 0.5556
vn 0.8161 -0.1913 0.5453
vn 0.7071 -0.0076 0.7071
vn 0.6940 -0.1913 0.6940
vn 0.5556 -0.0076 0.8314
vn 0.5453 -0.1913 0.8161
vn 0.3827 -0.0076 0.9239
vn 0.3756 -0.1913 0.9068
vn 0.1951 -0.0076 0.9808
vn 0.1915 -0.1913 0.9627
vn -0.0000 -0.0076 1.0000
vn -0.0000 -0.1913 0.9815
vn -0.1951 -0.0076 0.9808
vn -0.1915 -0.1913 0.9627
vn -0.3827 -0.0076 0.9239
vn -0.3756 -0.1913 0.9068
vn -0.5556 -0.0076 0.8314
vn -0.5453 -0.1913 0.8161
vn -0.7071 -0.0076 0.7071
vn -0.6940 -0.1913 0.6940
vn -0.8314 -0.0076 0.5556
vn -0.8161 -0.1913 0.5453
vn -0.9239 -0.0076 0.3827
vn -0.9068 -0.1913 0.3756
vn -0.9808 -0.0076 0.1951
vn -0.9627 -0.1913 0.1915
vn -1.0000 -0.0076 -0.0000
vn -0.9815 -0.1913 -0.0000
vn -0.9808 -0.0076 -0.1951
vn -0.9627 -0.1913 -0.1915
vn -0.9239 -0.0076 -0.3827
vn -0.9068 -0.1913 -0.3756
vn -0.8314 -0.0076 -0.5556
vn -0.8161 -0.1913 -0.5453
vn -0.7071 -0.0076 -0.7071
vn -0.6940 -0.1913 -0.6940
vn -0.5556 -0.0076 -0.8314
vn -0.5453 -0.1913 -0.8161
vn -0.3827 -0.0076 -0.9239
vn -0.3756 -0.1913 -0.9068
vn -0.1951 -0.0076 -0.9808
vn -0.1915 -0.1913 -0.9627
vn -0.1951 -0.0083 -0.9808
vn -0.0000 -0.0083 -1.0000
vn -0.3827 -0.0083 -0.9238
vn -0.5556 -0.0083 -0.8314
vn -0.7071 -0.0083 -0.7071
vn -0.8314 -0.0083 -0.5556
vn -0.9238 -0.0083 -0.3827
vn -0.9808 -0.0083 -0.1951
vn -1.0000 -0.0083 -0.0000
vn -0.9808 -0.0083 0.1951
vn -0.9238 -0.0083 0.3827
vn -0.8314 -0.0083 0.5556
vn -0.7071 -0.0083 0.7071
vn -0.5556 -0.0083 0.8314
vn -0.3827 -0.0083 0.9238
vn -0.1951 -0.0083 0.9808
vn -0.0000 -0.0083 1.0000
vn 0.1951 -0.0083 0.9808
vn 0.3827 -0.0083 0.9238
vn 0.5556 -0.0083 0.8314
vn 0.7071 -0.0083 0.7071
vn 0.8314 -0.0083 0.5556
vn 0.9238 -0.0083 0.3827
vn 0.9808 -0.0083 0.1951
vn 1.0000 -0.0083 -0.0000
vn 0.9808 -0.0083 -0.1951
vn 0.9238 -0.0083 -0.3827
vn 0.8314 -0.0083 -0.5556
vn 0.7071 -0.0083 -0.7071
vn 0.5556 -0.0083 -0.8314
vn 0.3827 -0.0083 -0.9238
vn 0.1951 -0.0083 -0.9808
vn -0.0000 -0.0000 -1.0000
vn 0.1951 -0.0000 -0.9808
vn 0.3827 -0.0000 -0.9239
vn 0.5556 -0.0000 -0.8315
vn 0.7071 -0.0000 -0.7071
vn 0.8315 -0.0000 -0.5556
vn 0.9239 -0.0000 -0.3827
vn 0.9808 -0.0000 -0.1951
vn 1.0000 -0.0000 -0.0000
vn 0.9808 -0.0000 0.1951
vn 0.9239 -0.0000 0.3827
vn 0.8315 -0.0000 0.5556
vn 0.7071 -0.0000 0.7071
vn 0.5556 -0.0000 0.8315
vn 0.3827 -0.0000 0.9239
vn 0.1951 -0.0000 0.9808
vn -0.0000 -0.0000 1.0000
vn -0.1951 -0.0000 0.9808
vn -0.3827 -0.0000 0.9239
vn -0.5556 -0.0000 0.8315
vn -0.7071 -0.0000 0.7071
vn -0.8315 -0.0000 0.5556
vn -0.9239 -0.0000 0.3827
vn -0.9808 -0.0000 0.1951
vn -1.0000 -0.0000 -0.0000
vn -0.9808 -0.0000 -0.1951
vn -0.9239 -0.0000 -0.3827
vn -0.8315 -0.0000 -0.5556
vn -0.7071 -0.0000 -0.7071
vn -0.5556 -0.0000 -0.8315
vn -0.3827 -0.0000 -0.9239
vn -0.1951 -0.0000 -0.9808
vn -0.0736 0.9261 -0.3701
vn -0.0639 0.9448 -0.3213
vn -0.0000 0.9448 -0.3276
vn -0.0000 0.9261 -0.3774
vn -0.1444 0.9261 -0.3486
vn -0.1254 0.9448 -0.3027
vn -0.2097 0.9261 -0.3138
vn -0.1820 0.9448 -0.2724
vn -0.2668 0.9261 -0.2668
vn -0.2316 0.9448 -0.2316
vn -0.3138 0.9261 -0.2097
vn -0.2724 0.9448 -0.1820
vn -0.3486 0.9261 -0.1444
vn -0.3027 0.9448 -0.1254
vn -0.3701 0.9261 -0.0736
vn -0.3213 0.9448 -0.0639
vn -0.3774 0.9261 -0.0000
vn -0.3276 0.9448 -0.0000
vn -0.3701 0.9261 0.0736
vn -0.3213 0.9448 0.0639
vn -0.3486 0.9261 0.1444
vn -0.3027 0.9448 0.1254
vn -0.3138 0.9261 0.2097
vn -0.2724 0.9448 0.1820
vn -0.2668 0.9261 0.2668
vn -0.2316 0.9448 0.2316
vn -0.2097 0.9261 0.3138
vn -0.1820 0.9448 0.2724
vn -0.1444 0.9261 0.3486
vn -0.1254 0.9448 0.3027
vn -0.0736 0.9261 0.3701
vn -0.0639 0.9448 0.3213
vn -0.0000 0.9261 0.3774
vn -0.0000 0.9448 0.3276
vn 0.0736 0.9261 0.3701
vn 0.0639 0.9448 0.3213
vn 0.1444 0.9261 0.3486
vn 0.1254 0.9448 0.3027
vn 0.2097 0.9261 0.3138
vn 0.1820 0.9448 0.2724
vn 0.2668 0.9261 0.2668
vn 0.2316 0.9448 0.2316
vn 0.3138 0.9261 0.2097
vn 0.2724 0.9448 0.1820
vn 0.3486 0.9261 0.1444
vn 0.3027 0.9448 0.1254
vn 0.3701 0.9261 0.0736
vn 0.3213 0.9448 0.0639
vn 0.3774 0.9261 -0.0000
vn 0.3276 0.9448 -0.0000
vn 0.3701 0.9261 -0.0736
vn 0.3213 0.9448 -0.0639
vn 0.3486 0.9261 -0.1444
vn 0.3027 0.9448 -0.1254
vn 0.3138 0.9261 -0.2097
vn 0.2724 0.9448 -0.1820
vn 0.2668 0.9261 -0.2668
vn 0.2316 0.9448 -0.2316
vn 0.2097 0.9261 -0.3138
vn 0.1820 0.9448 -0.2724
vn 0.1444 0.9261 -0.3486
vn 0.1254 0.9448 -0.3027
vn 0.0736 0.9261 -0.3701
vn 0.0639 0.9448 -0.3213
vn -0.0000 -0.7693 -0.6389
vn -0.0000 -0.5942 -0.8043
vn 0.1569 -0.5942 -0.7888
vn 0.1246 -0.7693 -0.6266
vn 0.3078 -0.5942 -0.7431
vn 0.2445 -0.7693 -0.5903
vn 0.4468 -0.5942 -0.6687
vn 0.3549 -0.7693 -0.5312
vn 0.5687 -0.5942 -0.5687
vn 0.4518 -0.7693 -0.4518
vn 0.6687 -0.5942 -0.4468
vn 0.5312 -0.7693 -0.3549
vn 0.7431 -0.5942 -0.3078
vn 0.5903 -0.7693 -0.2445
vn 0.7888 -0.5942 -0.1569
vn 0.6266 -0.7693 -0.1246
vn 0.8043 -0.5942 -0.0000
vn 0.6389 -0.7693 -0.0000
vn 0.7888 -0.5942 0.1569
vn 0.6266 -0.7693 0.1246
vn 0.7431 -0.5942 0.3078
vn 0.5903 -0.7693 0.2445
vn 0.6687 -0.5942 0.4468
vn 0.5312 -0.7693 0.3549
vn 0.5687 -0.5942 0.5687
vn 0.4518 -0.7693 0.4518
vn 0.4468 -0.5942 0.6687
vn 0.3549 -0.7693 0.5312
vn 0.3078 -0.5942 0.7431
vn 0.2445 -0.7693 0.5903
vn 0.1569 -0.5942 0.7888
vn 0.1246 -0.7693 0.6266
vn -0.0000 -0.5942 0.8043
vn -0.0000 -0.7693 0.6389
vn -0.1569 -0.5942 0.7888
vn -0.1246 -0.7693 0.6266
vn -0.3078 -0.5942 0.7431
vn -0.2445 -0.7693 0.5903
vn -0.4468 -0.5942 0.6687
vn -0.3549 -0.7693 0.5312
vn -0.5687 -0.5942 0.5687
vn -0.4518 -0.7693 0.4518
vn -0.6687 -0.5942 0.4468
vn -0.5312 -0.7693 0.3549
vn -0.7431 -0.5942 0.3078
vn -0.5903 -0.7693 0.2445
vn -0.7888 -0.5942 0.1569
vn -0.6266 -0.7693 0.1246
vn -0.8043 -0.5942 -0.0000
vn -0.6389 -0.7693 -0.0000
vn -0.7888 -0.5942 -0.1569
vn -0.6266 -0.7693 -0.1246
vn -0.7431 -0.5942 -0.3078
vn -0.5903 -0.7693 -0.2445
vn -0.6687 -0.5942 -0.4468
vn -0.5312 -0.7693 -0.3549
vn -0.5687 -0.5942 -0.5687
vn -0.4518 -0.7693 -0.4518
vn -0.4468 -0.5942 -0.6687
vn -0.3549 -0.7693 -0.5312
vn -0.3078 -0.5942 -0.7431
vn -0.2445 -0.7693 -0.5903
vn -0.1569 -0.5942 -0.7888
vn -0.1246 -0.7693 -0.6266
vn -0.0528 -0.9627 -0.2654
vn -0.0598 -0.9519 -0.3006
vn -0.0000 -0.9519 -0.3065
vn -0.0000 -0.9627 -0.2706
vn -0.1036 -0.9627 -0.2500
vn -0.1173 -0.9519 -0.2831
vn -0.1503 -0.9627 -0.2250
vn -0.1703 -0.9519 -0.2548
vn -0.1914 -0.9627 -0.1914
vn -0.2167 -0.9519 -0.2167
vn -0.2250 -0.9627 -0.1503
vn -0.2548 -0.9519 -0.1703
vn -0.2500 -0.9627 -0.1036
vn -0.2831 -0.9519 -0.1173
vn -0.2654 -0.9627 -0.0528
vn -0.3006 -0.9519 -0.0598
vn -0.2706 -0.9627 -0.0000
vn -0.3065 -0.9519 -0.0000
vn -0.2654 -0.9627 0.0528
vn -0.3006 -0.9519 0.0598
vn -0.2500 -0.9627 0.1036
vn -0.2831 -0.9519 0.1173
vn -0.2250 -0.9627 0.1503
vn -0.2548 -0.9519 0.1703
vn -0.1914 -0.9627 0.1914
vn -0.2167 -0.9519 0.2167
vn -0.1503 -0.9627 0.2250
vn -0.1703 -0.9519 0.2548
vn -0.1036 -0.9627 0.2500
vn -0.1173 -0.9519 0.2831
vn -0.0528 -0.9627 0.2654
vn -0.0598 -0.9519 0.3006
vn -0.0000 -0.9627 0.2706
vn -0.0000 -0.9519 0.3065
vn 0.0528 -0.9627 0.2654
vn 0.0598 -0.9519 0.3006
vn 0.1036 -0.9627 0.2500
vn 0.1173 -0.9519 0.2831
vn 0.1503 -0.9627 0.2250
vn 0.1703 -0.9519 0.2548
vn 0.1914 -0.9627 0.1914
vn 0.2167 -0.9519 0.2167
vn 0.2250 -0.9627 0.1503
vn 0.2548 -0.9519 0.1703
vn 0.2500 -0.9627 0.1036
vn 0.2831 -0.9519 0.1173
vn 0.2654 -0.9627 0.0528
vn 0.3006 -0.9519 0.0598
vn 0.2706 -0.9627 -0.0000
vn 0.3065 -0.9519 -0.0000
vn 0.2654 -0.9627 -0.0528
vn 0.3006 -0.9519 -0.0598
vn 0.2500 -0.9627 -0.1036
vn 0.2831 -0.9519 -0.1173
vn 0.2250 -0.9627 -0.1503
vn 0.2548 -0.9519 -0.1703
vn 0.1914 -0.9627 -0.1914
vn 0.2167 -0.9519 -0.2167
vn 0.1503 -0.9627 -0.2250
vn 0.1703 -0.9519 -0.2548
vn 0.1036 -0.9627 -0.2500
vn 0.1173 -0.9519 -0.2831
vn 0.0528 -0.9627 -0.2654
vn 0.0598 -0.9519 -0.3006
vn -0.0000 0.0850 -0.9964
vn -0.0000 0.2931 -0.9561
vn 0.1865 0.2931 -0.9377
vn 0.1944 0.0850 -0.9772
vn 0.3659 0.2931 -0.8833
vn 0.3813 0.0850 -0.9205
vn 0.5312 0.2931 -0.7949
vn 0.5536 0.0850 -0.8285
vn 0.6760 0.2931 -0.6760
vn 0.7045 0.0850 -0.7045
vn 0.7949 0.2931 -0.5312
vn 0.8285 0.0850 -0.5536
vn 0.8833 0.2931 -0.3659
vn 0.9205 0.0850 -0.3813
vn 0.9377 0.2931 -0.1865
vn 0.9772 0.0850 -0.1944
vn 0.9561 0.2931 -0.0000
vn 0.9964 0.0850 -0.0000
vn 0.9377 0.2931 0.1865
vn 0.9772 0.0850 0.1944
vn 0.8833 0.2931 0.3659
vn 0.9205 0.0850 0.3813
vn 0.7949 0.2931 0.5312
vn 0.8285 0.0850 0.5536
vn 0.6760 0.2931 0.6760
vn 0.7045 0.0850 0.7045
vn 0.5312 0.2931 0.7949
vn 0.5536 0.0850 0.8285
vn 0.3659 0.2931 0.8833
vn 0.3813 0.0850 0.9205
vn 0.1865 0.2931 0.9377
vn 0.1944 0.0850 0.9772
vn -0.0000 0.2931 0.9561
vn -0.0000 0.0850 0.9964
vn -0.1865 0.2931 0.9377
vn -0.1944 0.0850 0.9772
vn -0.3659 0.2931 0.8833
vn -0.3813 0.0850 0.9205
vn -0.5312 0.2931 0.7949
vn -0.5536 0.0850 0.8285
vn -0.6760 0.2931 0.6760
vn -0.7045 0.0850 0.7045
vn -0.7949 0.2931 0.5312
vn -0.8285 0.0850 0.5536
vn -0.8833 0.2931 0.3659
vn -0.9205 0.0850 0.3813
vn -0.9377 0.2931 0.1865
vn -0.9772 0.0850 0.1944
vn -0.9561 0.2931 -0.0000
vn -0.9964 0.0850 -0.0000
vn -0.9377 0.2931 -0.1865
vn -0.9772 0.0850 -0.1944
vn -0.8833 0.2931 -0.3659
vn -0.9205 0.0850 -0.3813
vn -0.7949 0.2931 -0.5312
vn -0.8285 0.0850 -0.5536
vn -0.6760 0.2931 -0.6760
vn -0.7045 0.0850 -0.7045
vn -0.5312 0.2931 -0.7949
vn -0.5536 0.0850 -0.8285
vn -0.3659 0.2931 -0.8833
vn -0.3813 0.0850 -0.9205
vn -0.1865 0.2931 -0.9377
vn -0.1944 0.0850 -0.9772
vn -0.0000 0.6765 -0.7364
vn 0.1437 0.6765 -0.7223
vn 0.2818 0.6765 -0.6804
vn 0.4091 0.6765 -0.6123
vn 0.5207 0.6765 -0.5207
vn 0.6123 0.6765 -0.4091
vn 0.6804 0.6765 -0.2818
vn 0.7223 0.6765 -0.1437
vn 0.7364 0.6765 -0.0000
vn 0.7223 0.6765 0.1437
vn 0.6804 0.6765 0.2818
vn 0.6123 0.6765 0.4091
vn 0.5207 0.6765 0.5207
vn 0.4091 0.6765 0.6123
vn 0.2818 0.6765 0.6804
vn 0.1437 0.6765 0.7223
vn -0.0000 0.6765 0.7364
vn -0.1437 0.6765 0.7223
vn -0.2818 0.6765 0.6804
vn -0.4091 0.6765 0.6123
vn -0.5207 0.6765 0.5207
vn -0.6123 0.6765 0.4091
vn -0.6804 0.6765 0.2818
vn -0.7223 0.6765 0.1437
vn -0.7364 0.6765 -0.0000
vn -0.7223 0.6765 -0.1437
vn -0.6804 0.6765 -0.2818
vn -0.6123 0.6765 -0.4091
vn -0.5207 0.6765 -0.5207
vn -0.4091 0.6765 -0.6123
vn -0.2818 0.6765 -0.6804
vn -0.1437 0.6765 -0.7223
vn -0.0000 0.8688 -0.4951
vn 0.0966 0.8688 -0.4856
vn 0.1895 0.8688 -0.4574
vn 0.2751 0.8688 -0.4117
vn 0.3501 0.8688 -0.3501
vn 0.4117 0.8688 -0.2751
vn 0.4574 0.8688 -0.1895
vn 0.4856 0.8688 -0.0966
vn 0.4951 0.8688 -0.0000
vn 0.4856 0.8688 0.0966
vn 0.4575 0.8688 0.1895
vn 0.4117 0.8688 0.2751
vn 0.3501 0.8688 0.3501
vn 0.2751 0.8688 0.4117
vn 0.1895 0.8688 0.4574
vn 0.0966 0.8688 0.4856
vn -0.0000 0.8688 0.4951
vn -0.0966 0.8688 0.4856
vn -0.1895 0.8688 0.4574
vn -0.2751 0.8688 0.4117
vn -0.3501 0.8688 0.3501
vn -0.4117 0.8688 0.2751
vn -0.4574 0.8688 0.1895
vn -0.4856 0.8688 0.0966
vn -0.4951 0.8688 -0.0000
vn -0.4856 0.8688 -0.0966
vn -0.4574 0.8688 -0.1895
vn -0.4117 0.8688 -0.2751
vn -0.3501 0.8688 -0.3501
vn -0.2751 0.8688 -0.4117
vn -0.1895 0.8688 -0.4574
vn -0.0966 0.8688 -0.4856
vn -0.1588 -0.5811 -0.7982
vn -0.0000 -0.5811 -0.8138
vn -0.3114 -0.5811 -0.7519
vn -0.4521 -0.5811 -0.6767
vn -0.5755 -0.5811 -0.5755
vn -0.6767 -0.5811 -0.4521
vn -0.7519 -0.5811 -0.3114
vn -0.7982 -0.5811 -0.1588
vn -0.8138 -0.5811 -0.0000
vn -0.7982 -0.5811 0.1588
vn -0.7519 -0.5811 0.3114
vn -0.6767 -0.5811 0.4521
vn -0.5755 -0.5811 0.5755
vn -0.4521 -0.5811 0.6767
vn -0.3114 -0.5811 0.7519
vn -0.1588 -0.5811 0.7982
vn -0.0000 -0.5811 0.8138
vn 0.1588 -0.5811 0.7982
vn 0.3114 -0.5811 0.7519
vn 0.4521 -0.5811 0.6767
vn 0.5755 -0.5811 0.5755
vn 0.6767 -0.5811 0.4521
vn 0.7519 -0.5811 0.3114
vn 0.7982 -0.5811 0.1588
vn 0.8138 -0.5811 -0.0000
vn 0.7982 -0.5811 -0.1588
vn 0.7519 -0.5811 -0.3114
vn 0.6767 -0.5811 -0.4521
vn 0.5755 -0.5811 -0.5755
vn 0.4521 -0.5811 -0.6767
vn 0.3114 -0.5811 -0.7519
vn 0.1588 -0.5811 -0.7982
vn -0.0000 -0.7699 -0.6381
vn 0.1245 -0.7700 -0.6258
vn 0.2442 -0.7700 -0.5895
vn 0.3545 -0.7700 -0.5306
vn 0.4512 -0.7700 -0.4512
vn 0.5306 -0.7699 -0.3545
vn 0.5895 -0.7700 -0.2442
vn 0.6258 -0.7700 -0.1245
vn 0.6381 -0.7700 -0.0000
vn 0.6258 -0.7700 0.1245
vn 0.5895 -0.7699 0.2442
vn 0.5306 -0.7699 0.3545
vn 0.4512 -0.7700 0.4512
vn 0.3545 -0.7700 0.5306
vn 0.2442 -0.7700 0.5895
vn 0.1245 -0.7699 0.6258
vn -0.0000 -0.7700 0.6381
vn -0.1245 -0.7699 0.6258
vn -0.2442 -0.7700 0.5895
vn -0.3545 -0.7700 0.5306
vn -0.4512 -0.7700 0.4512
vn -0.5306 -0.7700 0.3545
vn -0.5895 -0.7699 0.2442
vn -0.6258 -0.7700 0.1245
vn -0.6381 -0.7700 -0.0000
vn -0.6258 -0.7700 -0.1245
vn -0.5895 -0.7700 -0.2442
vn -0.5306 -0.7700 -0.3545
vn -0.4512 -0.7700 -0.4512
vn -0.3545 -0.7700 -0.5306
vn -0.2442 -0.7700 -0.5895
vn -0.1245 -0.7699 -0.6258
vn -0.1214 -0.7830 -0.6101
vn -0.0000 -0.7830 -0.6220
vn -0.2380 -0.7830 -0.5747
vn -0.3456 -0.7830 -0.5172
vn -0.4398 -0.7830 -0.4398
vn -0.5172 -0.7830 -0.3456
vn -0.5747 -0.7830 -0.2380
vn -0.6101 -0.7830 -0.1214
vn -0.6220 -0.7830 -0.0000
vn -0.6101 -0.7830 0.1214
vn -0.5747 -0.7830 0.2380
vn -0.5172 -0.7830 0.3456
vn -0.4398 -0.7830 0.4398
vn -0.3456 -0.7830 0.5172
vn -0.2380 -0.7830 0.5747
vn -0.1214 -0.7830 0.6101
vn -0.0000 -0.7830 0.6220
vn 0.1214 -0.7830 0.6101
vn 0.2380 -0.7830 0.5747
vn 0.3456 -0.7830 0.5172
vn 0.4398 -0.7830 0.4398
vn 0.5172 -0.7830 0.3456
vn 0.5747 -0.7830 0.2380
vn 0.6101 -0.7830 0.1214
vn 0.6220 -0.7830 -0.0000
vn 0.6101 -0.7830 -0.1214
vn 0.5747 -0.7830 -0.2380
vn 0.5172 -0.7830 -0.3456
vn 0.4398 -0.7830 -0.4398
vn 0.3456 -0.7830 -0.5172
vn 0.2380 -0.7830 -0.5747
vn 0.1214 -0.7830 -0.6101
vn -0.0000 -0.9186 -0.3953
vn 0.0771 -0.9186 -0.3877
vn 0.1513 -0.9186 -0.3652
vn 0.2196 -0.9186 -0.3287
vn 0.2795 -0.9186 -0.2795
vn 0.3287 -0.9186 -0.2196
vn 0.3652 -0.9186 -0.1513
vn 0.3877 -0.9186 -0.0771
vn 0.3953 -0.9186 -0.0000
vn 0.3877 -0.9186 0.0771
vn 0.3652 -0.9186 0.1513
vn 0.3287 -0.9186 0.2196
vn 0.2795 -0.9186 0.2795
vn 0.2196 -0.9186 0.3287
vn 0.1513 -0.9186 0.3652
vn 0.0771 -0.9186 0.3877
vn -0.0000 -0.9186 0.3953
vn -0.0771 -0.9186 0.3877
vn -0.1513 -0.9186 0.3652
vn -0.2196 -0.9186 0.3287
vn -0.2795 -0.9186 0.2795
vn -0.3287 -0.9186 0.2196
vn -0.3652 -0.9186 0.1513
vn -0.3877 -0.9186 0.0771
vn -0.3953 -0.9186 -0.0000
vn -0.3877 -0.9186 -0.0771
vn -0.3652 -0.9186 -0.1513
vn -0.3287 -0.9186 -0.2196
vn -0.2795 -0.9186 -0.2795
vn -0.2196 -0.9186 -0.3287
vn -0.1513 -0.9186 -0.3652
vn -0.0771 -0.9186 -0.3877
vt 0.898079 0.425598
vt 0.897466 0.273518
vt 0.910596 0.273775
vt 0.911052 0.425852
vt 0.925187 0.273952
vt 0.925467 0.426027
vt 0.940675 0.274042
vt 0.940770 0.426116
vt 0.956468 0.274042
vt 0.956373 0.426116
vt 0.971957 0.273952
vt 0.971676 0.426027
vt 0.986547 0.273775
vt 0.986091 0.425852
vt 0.999678 0.273518
vt 0.999065 0.425598
vt 0.831307 0.900934
vt 0.830854 0.748782
vt 0.842021 0.748585
vt 0.842340 0.900738
vt 0.855152 0.748438
vt 0.855313 0.900593
vt 0.869742 0.748347
vt 0.869729 0.900504
vt 0.885231 0.748317
vt 0.885032 0.900473
vt 0.901024 0.748347
vt 0.900635 0.900504
vt 0.916512 0.748438
vt 0.915938 0.900593
vt 0.931102 0.748585
vt 0.930352 0.900738
vt 0.944233 0.748782
vt 0.943325 0.900934
vt 0.955399 0.749023
vt 0.954358 0.901172
vt 0.785447 0.426475
vt 0.784834 0.274493
vt 0.797964 0.274015
vt 0.798420 0.426003
vt 0.812555 0.273686
vt 0.812835 0.425678
vt 0.828044 0.273518
vt 0.828138 0.425512
vt 0.843836 0.273518
vt 0.843741 0.425512
vt 0.859325 0.273686
vt 0.859044 0.425678
vt 0.873915 0.274015
vt 0.873459 0.426003
vt 0.887046 0.274493
vt 0.886433 0.426475
vt 0.775456 0.152855
vt 0.774414 0.000707
vt 0.785580 0.000466
vt 0.786488 0.152617
vt 0.798711 0.000268
vt 0.799461 0.152421
vt 0.813301 0.000121
vt 0.813876 0.152276
vt 0.828790 0.000031
vt 0.829179 0.152187
vt 0.844582 -0.000000
vt 0.844782 0.152157
vt 0.860071 0.000031
vt 0.860085 0.152187
vt 0.874661 0.000121
vt 0.874500 0.152276
vt 0.887793 0.000268
vt 0.887474 0.152421
vt 0.898960 0.000466
vt 0.898507 0.152617
vt 0.876561 0.270672
vt 0.876782 0.179547
vt 0.885468 0.179701
vt 0.885160 0.270824
vt 0.866450 0.270559
vt 0.866569 0.179433
vt 0.855216 0.270489
vt 0.855221 0.179362
vt 0.843289 0.270466
vt 0.843174 0.179339
vt 0.831129 0.270489
vt 0.830891 0.179362
vt 0.819203 0.270559
vt 0.818844 0.179433
vt 0.807968 0.270672
vt 0.807497 0.179547
vt 0.797858 0.270824
vt 0.797284 0.179701
vt 0.789260 0.271010
vt 0.788599 0.179888
vt 0.865181 0.544657
vt 0.865476 0.453629
vt 0.875689 0.454001
vt 0.875291 0.545025
vt 0.853946 0.544403
vt 0.854128 0.453373
vt 0.842020 0.544274
vt 0.842081 0.453243
vt 0.829860 0.544274
vt 0.829798 0.453243
vt 0.817933 0.544403
vt 0.817751 0.453373
vt 0.806699 0.544657
vt 0.806403 0.453629
vt 0.796588 0.545025
vt 0.796190 0.454001
vt 0.606638 0.420085
vt 0.515514 0.419687
vt 0.515684 0.411002
vt 0.606807 0.411486
vt 0.606506 0.430196
vt 0.515380 0.429900
vt 0.606414 0.441430
vt 0.515287 0.441248
vt 0.606368 0.453357
vt 0.515240 0.453295
vt 0.606368 0.465517
vt 0.515240 0.465578
vt 0.606414 0.477443
vt 0.515287 0.477625
vt 0.606506 0.488678
vt 0.515380 0.488973
vt 0.606638 0.498788
vt 0.515514 0.499186
vt 0.606807 0.507387
vt 0.515684 0.507871
vt 0.966456 0.531792
vt 0.966751 0.440715
vt 0.976964 0.440515
vt 0.976566 0.531594
vt 0.955221 0.531928
vt 0.955403 0.440853
vt 0.943295 0.531998
vt 0.943356 0.440923
vt 0.931135 0.531998
vt 0.931073 0.440923
vt 0.919208 0.531928
vt 0.919026 0.440853
vt 0.907974 0.531792
vt 0.907678 0.440715
vt 0.897863 0.531594
vt 0.897465 0.440515
vt 0.872195 0.972328
vt 0.851784 0.972328
vt 0.851927 0.965033
vt 0.872338 0.965033
vt 0.852025 0.956927
vt 0.872436 0.956927
vt 0.852075 0.948322
vt 0.872486 0.948322
vt 0.852075 0.939549
vt 0.872486 0.939549
vt 0.852025 0.930944
vt 0.872436 0.930944
vt 0.851927 0.922838
vt 0.872338 0.922838
vt 0.851784 0.915543
vt 0.872195 0.915543
vt 0.937669 0.218739
vt 0.917253 0.218739
vt 0.917131 0.212535
vt 0.937547 0.212535
vt 0.917035 0.205240
vt 0.937451 0.205240
vt 0.916969 0.197134
vt 0.937385 0.197134
vt 0.916936 0.188530
vt 0.937351 0.188530
vt 0.916936 0.179756
vt 0.937351 0.179756
vt 0.916969 0.171151
vt 0.937385 0.171151
vt 0.917035 0.163045
vt 0.937451 0.163045
vt 0.917131 0.155750
vt 0.937547 0.155750
vt 0.917253 0.149547
vt 0.937669 0.149547
vt 0.831395 0.972328
vt 0.831130 0.965033
vt 0.851519 0.965033
vt 0.830947 0.956927
vt 0.851336 0.956927
vt 0.830854 0.948322
vt 0.851243 0.948322
vt 0.830854 0.939549
vt 0.851243 0.939549
vt 0.830947 0.930944
vt 0.851336 0.930944
vt 0.831130 0.922838
vt 0.851519 0.922838
vt 0.831395 0.915543
vt 0.958401 0.218739
vt 0.937986 0.218739
vt 0.937864 0.212535
vt 0.958279 0.212535
vt 0.937768 0.205240
vt 0.958184 0.205240
vt 0.937702 0.197134
vt 0.958118 0.197134
vt 0.937669 0.188530
vt 0.958084 0.188530
vt 0.937669 0.179756
vt 0.958084 0.179756
vt 0.937702 0.171151
vt 0.958118 0.171151
vt 0.937768 0.163045
vt 0.958184 0.163045
vt 0.937864 0.155750
vt 0.958279 0.155750
vt 0.937986 0.149547
vt 0.958401 0.149547
vt 0.803860 0.590409
vt 0.813792 0.599937
vt 0.808560 0.606980
vt 0.796570 0.600223
vt 0.812793 0.582109
vt 0.820203 0.593979
vt 0.823026 0.575641
vt 0.827547 0.589337
vt 0.834165 0.571253
vt 0.835541 0.586188
vt 0.845783 0.569115
vt 0.843880 0.584654
vt 0.857433 0.569309
vt 0.852241 0.584793
vt 0.868668 0.571826
vt 0.860304 0.586600
vt 0.879055 0.576571
vt 0.867758 0.590005
vt 0.888196 0.583361
vt 0.874319 0.594878
vt 0.895739 0.591935
vt 0.879732 0.601031
vt 0.901395 0.601963
vt 0.883791 0.608229
vt 0.904945 0.613061
vt 0.886339 0.616193
vt 0.906254 0.624802
vt 0.887279 0.624619
vt 0.905272 0.636733
vt 0.886573 0.633183
vt 0.902035 0.648398
vt 0.884251 0.641554
vt 0.896669 0.659348
vt 0.880399 0.649413
vt 0.889379 0.669162
vt 0.875168 0.656456
vt 0.880446 0.677462
vt 0.868757 0.662413
vt 0.870214 0.683930
vt 0.861413 0.667055
vt 0.859074 0.688318
vt 0.853418 0.670204
vt 0.847456 0.690456
vt 0.845080 0.671738
vt 0.835806 0.690262
vt 0.836719 0.671600
vt 0.824571 0.687745
vt 0.828656 0.669793
vt 0.814184 0.683000
vt 0.821201 0.666387
vt 0.805043 0.676210
vt 0.814641 0.661514
vt 0.797500 0.667636
vt 0.809227 0.655361
vt 0.791844 0.657608
vt 0.805169 0.648164
vt 0.788294 0.646510
vt 0.802620 0.640199
vt 0.786985 0.634770
vt 0.801681 0.631773
vt 0.787968 0.622838
vt 0.802386 0.623210
vt 0.791204 0.611173
vt 0.804709 0.614838
vt 0.898906 0.534227
vt 0.908749 0.534420
vt 0.919686 0.534553
vt 0.931296 0.534620
vt 0.943134 0.534620
vt 0.954744 0.534553
vt 0.965680 0.534420
vt 0.975523 0.534227
vt 0.475323 0.895398
vt 0.473349 0.894846
vt 0.477945 0.883594
vt 0.479797 0.884445
vt 0.609334 0.497745
vt 0.609205 0.487902
vt 0.609116 0.476966
vt 0.609070 0.465356
vt 0.609070 0.453518
vt 0.609116 0.441908
vt 0.609205 0.430971
vt 0.609334 0.421128
vt 0.789261 0.548217
vt 0.787989 0.545493
vt 0.797631 0.547761
vt 0.807474 0.547403
vt 0.818411 0.547156
vt 0.830021 0.547031
vt 0.841859 0.547031
vt 0.853469 0.547156
vt 0.864405 0.547403
vt 0.874248 0.547761
vt 0.883890 0.545493
vt 0.882619 0.548217
vt 0.798906 0.273518
vt 0.808749 0.273370
vt 0.819685 0.273260
vt 0.831295 0.273192
vt 0.843133 0.273169
vt 0.854743 0.273192
vt 0.865680 0.273260
vt 0.875523 0.273370
vt 0.883894 0.273518
vt 0.519363 0.958516
vt 0.516816 0.966164
vt 0.506836 0.962030
vt 0.510820 0.954977
vt 0.528432 0.960297
vt 0.527411 0.968245
vt 0.537679 0.960251
vt 0.538213 0.968191
vt 0.546748 0.958381
vt 0.548808 0.966006
vt 0.555291 0.954757
vt 0.558788 0.961773
vt 0.562980 0.949520
vt 0.567770 0.955654
vt 0.569519 0.942870
vt 0.575408 0.947886
vt 0.574656 0.935063
vt 0.581410 0.938766
vt 0.578195 0.926400
vt 0.585544 0.928645
vt 0.579999 0.917212
vt 0.587651 0.917913
vt 0.579999 0.907854
vt 0.587651 0.906980
vt 0.578195 0.898685
vt 0.585544 0.896268
vt 0.574656 0.890056
vt 0.581410 0.886188
vt 0.569519 0.882300
vt 0.575408 0.877128
vt 0.562980 0.875715
vt 0.567770 0.869435
vt 0.555291 0.870554
vt 0.558788 0.863406
vt 0.546748 0.867015
vt 0.548808 0.859272
vt 0.537679 0.865235
vt 0.538213 0.857192
vt 0.528432 0.865280
vt 0.527411 0.857245
vt 0.519363 0.867151
vt 0.516816 0.859430
vt 0.510820 0.870775
vt 0.506836 0.863663
vt 0.503131 0.876012
vt 0.497854 0.869782
vt 0.496593 0.882662
vt 0.490216 0.877550
vt 0.491455 0.890468
vt 0.484214 0.886670
vt 0.487917 0.899132
vt 0.480080 0.896791
vt 0.486113 0.908319
vt 0.477973 0.907524
vt 0.486113 0.917678
vt 0.477973 0.918456
vt 0.487917 0.926847
vt 0.480080 0.929168
vt 0.491455 0.935476
vt 0.484214 0.939248
vt 0.496593 0.943231
vt 0.490216 0.948308
vt 0.503131 0.949816
vt 0.497854 0.956001
vt 0.936241 0.561868
vt 0.950107 0.562411
vt 0.949889 0.578301
vt 0.936021 0.577918
vt 0.949777 0.595956
vt 0.935908 0.595751
vt 0.949777 0.614698
vt 0.935908 0.614683
vt 0.949889 0.633807
vt 0.936021 0.633984
vt 0.950107 0.652547
vt 0.936241 0.652914
vt 0.950424 0.670200
vt 0.936561 0.670745
vt 0.950827 0.686086
vt 0.936969 0.686792
vt 0.951301 0.699596
vt 0.937447 0.700437
vt 0.609334 0.411002
vt 0.623164 0.411600
vt 0.623403 0.427488
vt 0.609576 0.427051
vt 0.623581 0.445142
vt 0.609755 0.444883
vt 0.623690 0.463883
vt 0.609866 0.463813
vt 0.623727 0.482992
vt 0.609903 0.483115
vt 0.623690 0.501734
vt 0.609866 0.502046
vt 0.623581 0.519388
vt 0.609755 0.519879
vt 0.623403 0.535277
vt 0.609576 0.535928
vt 0.623164 0.548789
vt 0.609334 0.549577
vt 0.644105 0.674503
vt 0.630320 0.673879
vt 0.629742 0.657990
vt 0.643521 0.658454
vt 0.629344 0.640336
vt 0.643118 0.640622
vt 0.629141 0.621594
vt 0.642913 0.621691
vt 0.629141 0.602486
vt 0.642913 0.602389
vt 0.629344 0.583744
vt 0.643118 0.583458
vt 0.629742 0.566090
vt 0.643521 0.565626
vt 0.630320 0.550202
vt 0.644105 0.549577
vt 0.636221 0.991116
vt 0.622392 0.990328
vt 0.622153 0.976816
vt 0.635980 0.977467
vt 0.621975 0.960927
vt 0.635800 0.961418
vt 0.621865 0.943272
vt 0.635690 0.943585
vt 0.621828 0.924531
vt 0.635652 0.924654
vt 0.621865 0.905422
vt 0.635690 0.905352
vt 0.621975 0.886681
vt 0.635800 0.886422
vt 0.622153 0.869027
vt 0.635980 0.868589
vt 0.622392 0.853139
vt 0.636221 0.852541
vt 0.936561 0.548217
vt 0.950424 0.548897
vt 0.970696 0.568288
vt 0.970499 0.582637
vt 0.970399 0.598580
vt 0.970399 0.615505
vt 0.970499 0.632760
vt 0.970696 0.649684
vt 0.970982 0.665624
vt 0.971347 0.679970
vt 0.971775 0.692170
vt 0.643377 0.417557
vt 0.643593 0.431905
vt 0.643754 0.447847
vt 0.643853 0.464771
vt 0.643886 0.482026
vt 0.643853 0.498951
vt 0.643754 0.514893
vt 0.643593 0.529241
vt 0.924514 0.699548
vt 0.912088 0.689164
vt 0.922378 0.675311
vt 0.935908 0.684208
vt 0.610399 0.667882
vt 0.609877 0.653534
vt 0.609517 0.637592
vt 0.609334 0.620668
vt 0.609334 0.603412
vt 0.609517 0.586488
vt 0.609877 0.570546
vt 0.610399 0.556198
vt 0.602178 0.982982
vt 0.601962 0.970780
vt 0.601802 0.956432
vt 0.601703 0.940490
vt 0.601669 0.923565
vt 0.601703 0.906310
vt 0.601802 0.889386
vt 0.601962 0.873444
vt 0.602178 0.859096
vt 0.970982 0.556085
vt 0.981196 0.576179
vt 0.981027 0.588484
vt 0.980941 0.602157
vt 0.980941 0.616672
vt 0.981027 0.631470
vt 0.981196 0.645984
vt 0.774414 0.672855
vt 0.782451 0.665055
vt 0.789297 0.677195
vt 0.782397 0.687011
vt 0.798429 0.687574
vt 0.793044 0.699113
vt 0.809494 0.695794
vt 0.805947 0.708697
vt 0.822069 0.701538
vt 0.820609 0.715395
vt 0.835669 0.704585
vt 0.836467 0.718948
vt 0.849772 0.704819
vt 0.852912 0.719221
vt 0.863836 0.702231
vt 0.869311 0.716203
vt 0.877321 0.696920
vt 0.885035 0.710010
vt 0.889708 0.689090
vt 0.899479 0.700880
vt 0.900522 0.679042
vt 0.909346 0.667162
vt 0.915842 0.653907
vt 0.929952 0.659856
vt 0.919760 0.639786
vt 0.934521 0.643390
vt 0.920950 0.625342
vt 0.935908 0.626547
vt 0.919365 0.611129
vt 0.934060 0.609975
vt 0.915067 0.597695
vt 0.929049 0.594310
vt 0.908221 0.585555
vt 0.921066 0.580155
vt 0.899090 0.575176
vt 0.910419 0.568052
vt 0.888024 0.566956
vt 0.897516 0.558468
vt 0.875450 0.561212
vt 0.882854 0.551771
vt 0.861850 0.558165
vt 0.866996 0.548217
vt 0.591772 0.936832
vt 0.591744 0.922318
vt 0.591772 0.907519
vt 0.591857 0.893005
vt 0.591995 0.879333
vt 0.592180 0.867028
vt 0.791375 0.578002
vt 0.796997 0.583708
vt 0.788172 0.595588
vt 0.781085 0.591854
vt 0.884456 0.167043
vt 0.894824 0.167226
vt 0.872265 0.166906
vt 0.858719 0.166822
vt 0.844339 0.166794
vt 0.829678 0.166822
vt 0.815298 0.166906
vt 0.801753 0.167043
vt 0.789562 0.167226
vt 0.883387 0.441201
vt 0.897465 0.427076
vt 0.893754 0.441765
vt 0.871196 0.440757
vt 0.857650 0.440452
vt 0.843271 0.440296
vt 0.828609 0.440296
vt 0.814229 0.440452
vt 0.800683 0.440757
vt 0.788493 0.441201
vt 0.778125 0.441765
vt 0.774414 0.427076
vt 0.928061 0.915360
vt 0.940251 0.915543
vt 0.914515 0.915223
vt 0.900136 0.915139
vt 0.885474 0.915111
vt 0.871094 0.915139
vt 0.857548 0.915223
vt 0.845357 0.915360
vt 0.834990 0.915543
vt 0.983828 0.440267
vt 0.996019 0.440029
vt 0.970282 0.440431
vt 0.955903 0.440515
vt 0.941241 0.440515
vt 0.926861 0.440431
vt 0.913315 0.440267
vt 0.901125 0.440029
vt 0.936314 0.010468
vt 0.939461 0.001255
vt 0.953375 0.005335
vt 0.948518 0.014047
vt 0.966245 0.012084
vt 0.959804 0.019965
vt 0.977574 0.021242
vt 0.969740 0.027996
vt 0.986928 0.032457
vt 0.977943 0.037832
vt 0.993946 0.045298
vt 0.984098 0.049093
vt 0.998360 0.059272
vt 0.987969 0.061349
vt 1.000000 0.073841
vt 0.989407 0.074126
vt 0.998802 0.088447
vt 0.988357 0.086935
vt 0.994813 0.102527
vt 0.984858 0.099283
vt 0.988186 0.115540
vt 0.979047 0.110696
vt 0.979176 0.126987
vt 0.971145 0.120734
vt 0.968129 0.136427
vt 0.961456 0.129013
vt 0.955469 0.143498
vt 0.950353 0.135215
vt 0.941683 0.147928
vt 0.938263 0.139100
vt 0.927301 0.149547
vt 0.925650 0.140519
vt 0.912875 0.148292
vt 0.912999 0.139418
vt 0.898960 0.144212
vt 0.900796 0.135840
vt 0.805020 0.450695
vt 0.816900 0.450427
vt 0.829511 0.450291
vt 0.842369 0.450291
vt 0.854980 0.450427
vt 0.866859 0.450695
vt 0.877550 0.451084
vt 0.637200 0.700068
vt 0.629740 0.701361
vt 0.628320 0.686775
vt 0.635955 0.687277
vt 0.795417 0.176863
vt 0.806108 0.176702
vt 0.817987 0.176583
vt 0.830598 0.176509
vt 0.843456 0.176484
vt 0.856067 0.176509
vt 0.867947 0.176583
vt 0.911050 0.010787
vt 0.910653 0.001619
vt 0.925035 0.000000
vt 0.923663 0.009368
vt 0.923263 0.012351
vt 0.935349 0.013403
vt 0.911214 0.013707
vt 0.899665 0.017418
vt 0.898960 0.014672
vt 0.638426 0.687426
vt 0.637200 0.674503
vt 0.639615 0.675224
vt 0.639615 0.699645
vt 0.913076 0.136584
vt 0.901419 0.133166
vt 0.925161 0.137636
vt 0.937210 0.136280
vt 0.948759 0.132568
vt 0.959365 0.126645
vt 0.968621 0.118736
vt 0.976169 0.109146
vt 0.981721 0.098244
vt 0.985063 0.086448
vt 0.986066 0.074213
vt 0.984692 0.062007
vt 0.980995 0.050300
vt 0.975115 0.039542
vt 0.967278 0.030147
vt 0.957787 0.022474
vt 0.947006 0.016821
vt 0.781676 0.608843
vt 0.777758 0.622964
vt 0.776569 0.637408
vt 0.778153 0.651621
vt 0.847747 0.557931
vt 0.833682 0.560519
vt 0.820198 0.565830
vt 0.807810 0.573660
vt 0.515081 0.970479
vt 0.504280 0.966005
vt 0.526547 0.972731
vt 0.538239 0.972673
vt 0.549705 0.970307
vt 0.560506 0.965726
vt 0.570227 0.959104
vt 0.578494 0.950697
vt 0.584989 0.940827
vt 0.589463 0.929873
vt 0.591744 0.918258
vt 0.591744 0.906426
vt 0.589463 0.894832
vt 0.584989 0.883923
vt 0.578494 0.874118
vt 0.570227 0.865792
vt 0.560506 0.859267
vt 0.549705 0.854792
vt 0.538238 0.852541
vt 0.526547 0.852599
vt 0.515081 0.854964
vt 0.504280 0.859545
vt 0.494559 0.866167
vt 0.486292 0.874574
vt 0.473042 0.907014
vt 0.473042 0.918846
vt 0.475323 0.930439
vt 0.479797 0.941348
vt 0.486292 0.951154
vt 0.494559 0.959479
vt 0.512463 0.952368
vt 0.505259 0.947532
vt 0.499132 0.941362
vt 0.494318 0.934094
vt 0.491002 0.926009
vt 0.489311 0.917416
vt 0.489311 0.908647
vt 0.491002 0.900038
vt 0.494318 0.891920
vt 0.499131 0.884605
vt 0.505258 0.878373
vt 0.512463 0.873466
vt 0.520468 0.870070
vt 0.528967 0.868317
vt 0.537632 0.868274
vt 0.546130 0.869943
vt 0.554135 0.873259
vt 0.561340 0.878095
vt 0.567467 0.884266
vt 0.572281 0.891533
vt 0.575597 0.899619
vt 0.577287 0.908211
vt 0.577287 0.916980
vt 0.575597 0.925589
vt 0.572281 0.933708
vt 0.567467 0.941023
vt 0.561340 0.947254
vt 0.554135 0.952162
vt 0.546130 0.955557
vt 0.537632 0.957310
vt 0.528967 0.957353
vt 0.520468 0.955684
s 1
usemtl Material
f 321/1/1 2/2/2 4/3/3 322/4/4
f 322/4/4 4/3/3 6/5/5 323/6/6
f 323/6/6 6/5/5 8/7/7 324/8/8
f 324/8/8 8/7/7 10/9/9 325/10/10
f 325/10/10 10/9/9 12/11/11 326/12/12
f 326/12/12 12/11/11 14/13/13 327/14/14
f 327/14/14 14/13/13 16/15/15 328/16/16
f 328/17/16 16/18/15 18/19/17 329/20/18
f 329/20/18 18/19/17 20/21/19 330/22/20
f 330/22/20 20/21/19 22/23/21 331/24/22
f 331/24/22 22/23/21 24/25/23 332/26/24
f 332/26/24 24/25/23 26/27/25 333/28/26
f 333/28/26 26/27/25 28/29/27 334/30/28
f 334/30/28 28/29/27 30/31/29 335/32/30
f 335/32/30 30/31/29 32/33/31 336/34/32
f 336/34/32 32/33/31 34/35/33 337/36/34
f 337/37/34 34/38/33 36/39/35 338/40/36
f 338/40/36 36/39/35 38/41/37 339/42/38
f 339/42/38 38/41/37 40/43/39 340/44/40
f 340/44/40 40/43/39 42/45/41 341/46/42
f 341/46/42 42/45/41 44/47/43 342/48/44
f 342/48/44 44/47/43 46/49/45 343/50/46
f 343/50/46 46/49/45 48/51/47 344/52/48
f 344/53/48 48/54/47 50/55/49 345/56/50
f 345/56/50 50/55/49 52/57/51 346/58/52
f 346/58/52 52/57/51 54/59/53 347/60/54
f 347/60/54 54/59/53 56/61/55 348/62/56
f 348/62/56 56/61/55 58/63/57 349/64/58
f 349/64/58 58/63/57 60/65/59 350/66/60
f 350/66/60 60/65/59 62/67/61 351/68/62
f 351/68/62 62/67/61 64/69/63 352/70/64
f 352/70/64 64/69/63 2/71/2 321/72/1
f 192/73/65 96/74/65 65/75/66 161/76/66
f 191/77/67 95/78/67 96/74/65 192/73/65
f 190/79/68 94/80/68 95/78/67 191/77/67
f 189/81/69 93/82/69 94/80/68 190/79/68
f 188/83/70 92/84/70 93/82/69 189/81/69
f 187/85/71 91/86/71 92/84/70 188/83/70
f 186/87/72 90/88/72 91/86/71 187/85/71
f 185/89/73 89/90/73 90/88/72 186/87/72
f 184/91/74 88/92/74 89/90/73 185/89/73
f 183/93/75 87/94/75 88/95/74 184/96/74
f 182/97/76 86/98/76 87/94/75 183/93/75
f 181/99/77 85/100/77 86/98/76 182/97/76
f 180/101/78 84/102/78 85/100/77 181/99/77
f 179/103/79 83/104/79 84/102/78 180/101/78
f 178/105/80 82/106/80 83/104/79 179/103/79
f 177/107/81 81/108/81 82/106/80 178/105/80
f 176/109/82 80/110/82 81/111/81 177/112/81
f 175/113/83 79/114/83 80/110/82 176/109/82
f 174/115/84 78/116/84 79/114/83 175/113/83
f 173/117/85 77/118/85 78/116/84 174/115/84
f 172/119/86 76/120/86 77/118/85 173/117/85
f 171/121/87 75/122/87 76/120/86 172/119/86
f 170/123/88 74/124/88 75/122/87 171/121/87
f 169/125/89 73/126/89 74/124/88 170/123/88
f 168/127/90 72/128/90 73/126/89 169/125/89
f 167/129/91 71/130/91 72/131/90 168/132/90
f 166/133/92 70/134/92 71/130/91 167/129/91
f 165/135/93 69/136/93 70/134/92 166/133/92
f 164/137/94 68/138/94 69/136/93 165/135/93
f 163/139/95 67/140/95 68/138/94 164/137/94
f 162/141/96 66/142/96 67/140/95 163/139/95
f 161/143/66 65/144/66 66/142/96 162/141/96
f 160/145/97 128/146/97 97/147/98 129/148/98
f 129/148/98 97/147/98 98/149/99 130/150/99
f 130/150/99 98/149/99 99/151/100 131/152/100
f 131/152/100 99/151/100 100/153/101 132/154/101
f 132/154/101 100/153/101 101/155/102 133/156/102
f 133/156/102 101/155/102 102/157/103 134/158/103
f 134/158/103 102/157/103 103/159/104 135/160/104
f 135/161/104 103/162/104 104/163/105 136/164/105
f 136/164/105 104/163/105 105/165/106 137/166/106
f 137/166/106 105/165/106 106/167/107 138/168/107
f 138/168/107 106/167/107 107/169/108 139/170/108
f 139/170/108 107/169/108 108/171/109 140/172/109
f 140/172/109 108/171/109 109/173/110 141/174/110
f 141/174/110 109/173/110 110/175/111 142/176/111
f 142/176/111 110/175/111 111/177/112 143/178/112
f 143/178/112 111/177/112 112/179/113 144/180/113
f 144/146/113 112/181/113 113/182/114 145/183/114
f 145/183/114 113/182/114 114/184/115 146/185/115
f 146/185/115 114/184/115 115/186/116 147/187/116
f 147/187/116 115/186/116 116/188/117 148/189/117
f 148/189/117 116/188/117 117/190/118 149/191/118
f 149/191/118 117/190/118 118/192/119 150/193/119
f 150/193/119 118/192/119 119/194/120 151/159/120
f 151/195/120 119/196/120 120/197/121 152/198/121
f 152/198/121 120/197/121 121/199/122 153/200/122
f 153/200/122 121/199/122 122/201/123 154/202/123
f 154/202/123 122/201/123 123/203/124 155/204/124
f 155/204/124 123/203/124 124/205/125 156/206/125
f 156/206/125 124/205/125 125/207/126 157/208/126
f 157/208/126 125/207/126 126/209/127 158/210/127
f 158/210/127 126/209/127 127/211/128 159/212/128
f 159/212/128 127/211/128 128/213/97 160/214/97
f 448/215/129 159/216/130 160/217/131 417/218/132
f 447/219/133 158/220/134 159/216/130 448/215/129
f 446/221/135 157/222/136 158/220/134 447/219/133
f 445/223/137 156/224/138 157/222/136 446/221/135
f 444/225/139 155/226/140 156/224/138 445/223/137
f 443/227/141 154/228/142 155/226/140 444/225/139
f 442/229/143 153/230/144 154/228/142 443/227/141
f 441/231/145 152/232/146 153/230/144 442/229/143
f 440/233/147 151/234/148 152/232/146 441/231/145
f 439/235/149 150/236/150 151/234/148 440/233/147
f 438/237/151 149/238/152 150/236/150 439/235/149
f 437/239/153 148/240/154 149/238/152 438/237/151
f 436/241/155 147/242/156 148/240/154 437/239/153
f 435/243/157 146/244/158 147/242/156 436/241/155
f 434/245/159 145/246/160 146/244/158 435/243/157
f 433/247/161 144/248/162 145/246/160 434/245/159
f 432/249/163 143/250/164 144/248/162 433/247/161
f 431/251/165 142/252/166 143/250/164 432/249/163
f 430/253/167 141/254/168 142/252/166 431/251/165
f 429/255/169 140/256/170 141/254/168 430/253/167
f 428/257/171 139/258/172 140/256/170 429/255/169
f 427/259/173 138/260/174 139/258/172 428/257/171
f 426/261/175 137/262/176 138/260/174 427/259/173
f 425/263/177 136/264/178 137/262/176 426/261/175
f 424/265/179 135/266/180 136/264/178 425/263/177
f 423/267/181 134/268/182 135/266/180 424/265/179
f 422/269/183 133/270/184 134/268/182 423/267/181
f 421/271/185 132/272/186 133/270/184 422/269/183
f 420/273/187 131/274/188 132/272/186 421/271/185
f 419/275/189 130/276/190 131/274/188 420/273/187
f 418/277/191 129/278/192 130/276/190 419/275/189
f 417/218/132 160/217/131 129/278/192 418/277/191
f 449/279/193 161/143/194 162/141/195 450/280/196
f 450/280/196 162/141/195 163/139/197 451/281/198
f 451/281/198 163/139/197 164/137/199 452/282/200
f 452/282/200 164/137/199 165/135/201 453/283/202
f 453/283/202 165/135/201 166/133/203 454/284/204
f 454/284/204 166/133/203 167/129/205 455/285/206
f 455/285/206 167/129/205 168/132/207 456/286/208
f 456/287/208 168/288/207 169/289/209 457/290/210
f 457/291/210 169/125/209 170/123/211 458/292/212
f 458/292/212 170/123/211 171/121/213 459/293/214
f 459/293/214 171/121/213 172/119/215 460/294/216
f 460/294/216 172/119/215 173/117/217 461/295/218
f 461/295/218 173/117/217 174/115/219 462/296/220
f 462/296/220 174/115/219 175/113/221 463/297/222
f 463/297/222 175/113/221 176/109/223 464/298/224
f 464/299/224 176/300/223 177/107/225 465/301/226
f 465/301/226 177/107/225 178/105/227 466/302/228
f 466/302/228 178/105/227 179/103/229 467/303/230
f 467/303/230 179/103/229 180/101/231 468/304/232
f 468/304/232 180/101/231 181/99/233 469/305/234
f 469/305/234 181/99/233 182/97/235 470/306/236
f 470/306/236 182/97/235 183/93/237 471/307/238
f 471/307/238 183/93/237 184/96/239 472/308/240
f 472/308/240 184/96/239 185/309/241 473/310/242
f 473/311/242 185/89/241 186/87/243 474/312/244
f 474/312/244 186/87/243 187/85/245 475/313/246
f 475/313/246 187/85/245 188/83/247 476/314/248
f 476/314/248 188/83/247 189/81/249 477/315/250
f 477/315/250 189/81/249 190/79/251 478/316/252
f 478/316/252 190/79/251 191/77/253 479/317/254
f 479/317/254 191/77/253 192/73/255 480/318/256
f 480/318/256 192/73/255 161/76/194 449/319/193
f 511/320/257 223/321/258 224/322/259 512/323/260
f 510/324/261 222/325/262 223/321/258 511/320/257
f 509/326/263 221/327/264 222/325/262 510/324/261
f 508/328/265 220/329/266 221/327/264 509/326/263
f 507/330/267 219/331/268 220/329/266 508/328/265
f 506/332/269 218/333/270 219/331/268 507/330/267
f 505/334/271 217/335/272 218/333/270 506/332/269
f 504/336/273 216/337/274 217/335/272 505/334/271
f 503/338/275 215/339/276 216/337/274 504/336/273
f 502/340/277 214/341/278 215/339/276 503/338/275
f 501/342/279 213/343/280 214/341/278 502/340/277
f 500/344/281 212/345/282 213/343/280 501/342/279
f 499/346/283 211/347/284 212/345/282 500/344/281
f 498/348/285 210/349/286 211/347/284 499/346/283
f 497/350/287 209/351/288 210/349/286 498/348/285
f 496/352/289 208/353/290 209/351/288 497/350/287
f 495/354/291 207/355/292 208/353/290 496/352/289
f 494/356/293 206/357/294 207/355/292 495/354/291
f 493/358/295 205/359/296 206/357/294 494/356/293
f 492/360/297 204/361/298 205/359/296 493/358/295
f 491/362/299 203/363/300 204/361/298 492/360/297
f 490/364/301 202/365/302 203/363/300 491/362/299
f 489/366/303 201/367/304 202/365/302 490/364/301
f 488/368/305 200/369/306 201/367/304 489/366/303
f 487/370/307 199/371/308 200/369/306 488/368/305
f 486/372/309 198/373/310 199/371/308 487/370/307
f 485/374/311 197/375/312 198/373/310 486/372/309
f 484/376/313 196/377/314 197/375/312 485/374/311
f 483/378/315 195/379/316 196/377/314 484/376/313
f 482/380/317 194/381/318 195/379/316 483/378/315
f 481/382/319 193/383/320 194/381/318 482/380/317
f 512/323/260 224/322/259 193/383/320 481/382/319
f 1/384/321 256/385/322 225/386/323 3/387/324
f 3/387/324 225/386/323 226/388/325 5/389/326
f 5/389/326 226/388/325 227/390/327 7/391/328
f 7/391/328 227/390/327 228/392/329 9/393/330
f 9/393/330 228/392/329 229/394/331 11/395/332
f 11/395/332 229/394/331 230/396/333 13/397/334
f 13/397/334 230/396/333 231/398/335 15/399/336
f 15/399/336 231/398/335 232/400/337 17/401/338
f 17/402/338 232/403/337 233/404/339 19/405/340
f 19/405/340 233/404/339 234/406/341 21/407/342
f 21/407/342 234/406/341 235/408/343 23/409/344
f 23/409/344 235/408/343 236/410/345 25/411/346
f 25/411/346 236/410/345 237/412/347 27/413/348
f 27/413/348 237/412/347 238/414/349 29/415/350
f 29/415/350 238/414/349 239/416/351 31/417/352
f 31/417/352 239/416/351 240/418/353 33/419/354
f 33/420/354 240/421/353 241/422/355 35/423/356
f 35/423/356 241/422/355 242/424/357 37/425/358
f 37/425/358 242/424/357 243/426/359 39/427/360
f 39/427/360 243/426/359 244/428/361 41/429/362
f 41/429/362 244/428/361 245/430/363 43/431/364
f 43/431/364 245/430/363 246/432/365 45/433/366
f 45/433/366 246/432/365 247/434/367 47/435/368
f 47/436/368 247/437/367 248/438/369 49/439/370
f 49/439/370 248/438/369 249/440/371 51/441/372
f 51/441/372 249/440/371 250/442/373 53/443/374
f 53/443/374 250/442/373 251/444/375 55/445/376
f 55/445/376 251/444/375 252/446/377 57/447/378
f 57/447/378 252/446/377 253/448/379 59/449/380
f 59/449/380 253/448/379 254/450/381 61/451/382
f 61/451/382 254/450/381 255/452/383 63/453/384
f 63/454/384 255/455/383 256/385/322 1/384/321
f 256/385/322 257/456/385 258/457/386 225/386/323
f 225/386/323 258/457/386 259/458/387 226/388/325
f 226/388/325 259/458/387 260/459/388 227/390/327
f 227/390/327 260/459/388 261/460/389 228/392/329
f 228/392/329 261/460/389 262/461/390 229/394/331
f 229/394/331 262/461/390 263/462/391 230/396/333
f 230/396/333 263/462/391 264/463/392 231/398/335
f 231/398/335 264/463/392 265/464/393 232/400/337
f 232/403/337 265/465/393 266/466/394 233/404/339
f 233/404/339 266/466/394 267/467/395 234/406/341
f 234/406/341 267/467/395 268/468/396 235/408/343
f 235/408/343 268/468/396 269/469/397 236/410/345
f 236/410/345 269/469/397 270/470/398 237/412/347
f 237/412/347 270/470/398 271/471/399 238/414/349
f 238/414/349 271/471/399 272/472/400 239/416/351
f 239/473/351 272/474/400 273/475/401 240/476/353
f 240/421/353 273/477/401 274/478/402 241/422/355
f 241/422/355 274/478/402 275/479/403 242/424/357
f 242/424/357 275/479/403 276/480/404 243/426/359
f 243/426/359 276/480/404 277/481/405 244/428/361
f 244/428/361 277/481/405 278/482/406 245/430/363
f 245/430/363 278/482/406 279/483/407 246/432/365
f 246/432/365 279/483/407 280/484/408 247/434/367
f 247/437/367 280/485/408 281/486/409 248/438/369
f 248/438/369 281/486/409 282/487/410 249/440/371
f 249/440/371 282/487/410 283/488/411 250/442/373
f 250/442/373 283/488/411 284/489/412 251/444/375
f 251/444/375 284/489/412 285/490/413 252/446/377
f 252/446/377 285/490/413 286/491/414 253/448/379
f 253/448/379 286/491/414 287/492/415 254/450/381
f 254/450/381 287/492/415 288/493/416 255/452/383
f 255/455/383 288/494/416 257/456/385 256/385/322
f 257/456/385 289/495/417 290/496/418 258/457/386
f 258/457/386 290/496/418 291/497/419 259/458/387
f 259/458/387 291/497/419 292/498/420 260/459/388
f 260/459/388 292/498/420 293/499/421 261/460/389
f 261/460/389 293/499/421 294/500/422 262/461/390
f 262/501/390 294/502/422 295/503/423 263/504/391
f 263/504/391 295/503/423 296/505/424 264/506/392
f 264/506/392 296/505/424 297/507/425 265/508/393
f 265/508/393 297/507/425 298/509/426 266/510/394
f 266/510/394 298/509/426 299/511/427 267/512/395
f 267/512/395 299/511/427 300/513/428 268/514/396
f 268/514/396 300/513/428 301/515/429 269/516/397
f 269/516/397 301/515/429 302/517/430 270/518/398
f 270/518/398 302/517/430 303/519/431 271/520/399
f 271/520/399 303/519/431 304/521/432 272/474/400
f 272/474/400 304/521/432 305/522/433 273/475/401
f 273/475/401 305/522/433 306/523/434 274/524/402
f 274/524/402 306/523/434 307/525/435 275/526/403
f 275/526/403 307/525/435 308/527/436 276/528/404
f 276/528/404 308/527/436 309/529/437 277/530/405
f 277/530/405 309/529/437 310/531/438 278/532/406
f 278/532/406 310/531/438 311/533/439 279/534/407
f 279/534/407 311/533/439 312/535/440 280/536/408
f 280/536/408 312/535/440 313/537/441 281/538/409
f 281/538/409 313/537/441 314/539/442 282/540/410
f 282/540/410 314/539/442 315/541/443 283/542/411
f 283/488/411 315/543/443 316/544/444 284/489/412
f 284/489/412 316/544/444 317/545/445 285/490/413
f 285/490/413 317/545/445 318/546/446 286/491/414
f 286/491/414 318/546/446 319/547/447 287/492/415
f 287/492/415 319/547/447 320/548/448 288/493/416
f 288/549/416 320/550/448 289/551/417 257/552/385
f 383/553/449 352/70/64 321/72/1 384/554/450
f 382/555/451 351/68/62 352/70/64 383/553/449
f 381/556/452 350/66/60 351/68/62 382/555/451
f 380/557/453 349/64/58 350/66/60 381/556/452
f 379/558/454 348/62/56 349/64/58 380/557/453
f 378/559/455 347/60/54 348/62/56 379/558/454
f 377/560/456 346/58/52 347/60/54 378/559/455
f 376/561/457 345/56/50 346/58/52 377/560/456
f 375/562/458 344/52/48 345/563/50 376/564/457
f 374/565/459 343/50/46 344/52/48 375/562/458
f 373/566/460 342/48/44 343/50/46 374/565/459
f 372/567/461 341/46/42 342/48/44 373/566/460
f 371/568/462 340/44/40 341/46/42 372/567/461
f 370/569/463 339/42/38 340/44/40 371/568/462
f 369/570/464 338/40/36 339/42/38 370/569/463
f 368/571/465 337/37/34 338/40/36 369/570/464
f 367/572/466 336/573/32 337/37/34 368/571/465
f 366/574/467 335/32/30 336/34/32 367/575/466
f 365/576/468 334/30/28 335/32/30 366/574/467
f 364/577/469 333/28/26 334/30/28 365/576/468
f 363/578/470 332/26/24 333/28/26 364/577/469
f 362/579/471 331/24/22 332/26/24 363/578/470
f 361/580/472 330/22/20 331/24/22 362/579/471
f 360/581/473 329/20/18 330/22/20 361/580/472
f 359/582/474 328/17/16 329/20/18 360/581/473
f 358/583/475 327/14/14 328/16/16 359/584/474
f 357/585/476 326/12/12 327/14/14 358/583/475
f 356/586/477 325/10/10 326/12/12 357/585/476
f 355/587/478 324/8/8 325/10/10 356/586/477
f 354/588/479 323/6/6 324/8/8 355/587/478
f 353/589/480 322/4/4 323/6/6 354/588/479
f 384/590/450 321/1/1 322/4/4 353/589/480
f 416/591/481 384/592/450 353/593/480 385/594/482
f 385/594/482 353/593/480 354/595/479 386/596/483
f 386/596/483 354/595/479 355/597/478 387/598/484
f 387/598/484 355/597/478 356/599/477 388/600/485
f 388/600/485 356/599/477 357/601/476 389/602/486
f 389/602/486 357/601/476 358/603/475 390/604/487
f 390/604/487 358/603/475 359/605/474 391/606/488
f 391/606/488 359/605/474 360/607/473 392/608/489
f 392/608/489 360/607/473 361/609/472 393/610/490
f 393/610/490 361/609/472 362/611/471 394/612/491
f 394/612/491 362/611/471 363/613/470 395/614/492
f 395/614/492 363/613/470 364/615/469 396/616/493
f 396/616/493 364/615/469 365/617/468 397/618/494
f 397/618/494 365/617/468 366/619/467 398/620/495
f 398/620/495 366/619/467 367/621/466 399/622/496
f 399/622/496 367/621/466 368/623/465 400/624/497
f 400/624/497 368/623/465 369/625/464 401/626/498
f 401/627/498 369/570/464 370/569/463 402/628/499
f 402/628/499 370/569/463 371/568/462 403/629/500
f 403/629/500 371/568/462 372/567/461 404/630/501
f 404/630/501 372/567/461 373/566/460 405/631/502
f 405/631/502 373/566/460 374/565/459 406/632/503
f 406/632/503 374/565/459 375/562/458 407/633/504
f 407/634/504 375/635/458 376/636/457 408/637/505
f 408/638/505 376/561/457 377/560/456 409/639/506
f 409/639/506 377/560/456 378/559/455 410/640/507
f 410/640/507 378/559/455 379/558/454 411/641/508
f 411/641/508 379/558/454 380/557/453 412/642/509
f 412/642/509 380/557/453 381/556/452 413/643/510
f 413/643/510 381/556/452 382/555/451 414/644/511
f 414/645/511 382/646/451 383/647/449 415/648/512
f 415/648/512 383/647/449 384/592/450 416/591/481
f 96/649/513 415/648/512 416/591/481 65/650/514
f 95/651/515 414/645/511 415/648/512 96/649/513
f 94/652/516 413/653/510 414/645/511 95/651/515
f 93/82/517 412/642/509 413/643/510 94/80/516
f 92/84/518 411/641/508 412/642/509 93/82/517
f 91/86/519 410/640/507 411/641/508 92/84/518
f 90/88/520 409/639/506 410/640/507 91/86/519
f 89/654/521 408/637/505 409/655/506 90/656/520
f 88/657/522 407/634/504 408/637/505 89/654/521
f 87/94/523 406/632/503 407/633/504 88/95/522
f 86/98/524 405/631/502 406/632/503 87/94/523
f 85/100/525 404/630/501 405/631/502 86/98/524
f 84/102/526 403/629/500 404/630/501 85/100/525
f 83/104/527 402/628/499 403/629/500 84/102/526
f 82/106/528 401/627/498 402/628/499 83/104/527
f 81/658/529 400/624/497 401/626/498 82/659/528
f 80/660/530 399/622/496 400/624/497 81/658/529
f 79/661/531 398/620/495 399/622/496 80/660/530
f 78/662/532 397/618/494 398/620/495 79/661/531
f 77/663/533 396/616/493 397/618/494 78/662/532
f 76/664/534 395/614/492 396/616/493 77/663/533
f 75/665/535 394/612/491 395/614/492 76/664/534
f 74/666/536 393/610/490 394/612/491 75/665/535
f 73/667/537 392/608/489 393/610/490 74/666/536
f 72/668/538 391/606/488 392/608/489 73/667/537
f 71/669/539 390/604/487 391/606/488 72/668/538
f 70/670/540 389/602/486 390/604/487 71/669/539
f 69/671/541 388/600/485 389/602/486 70/670/540
f 68/672/542 387/598/484 388/600/485 69/671/541
f 67/673/543 386/596/483 387/598/484 68/672/542
f 66/674/544 385/594/482 386/596/483 67/673/543
f 65/650/514 416/591/481 385/594/482 66/674/544
f 289/551/417 417/218/132 418/277/191 290/675/418
f 290/675/418 418/277/191 419/275/189 291/676/419
f 291/676/419 419/275/189 420/273/187 292/677/420
f 292/677/420 420/273/187 421/271/185 293/678/421
f 293/678/421 421/271/185 422/269/183 294/502/422
f 294/502/422 422/269/183 423/267/181 295/503/423
f 295/503/423 423/267/181 424/265/179 296/505/424
f 296/505/424 424/265/179 425/263/177 297/507/425
f 297/507/425 425/263/177 426/261/175 298/509/426
f 298/509/426 426/261/175 427/259/173 299/511/427
f 299/511/427 427/259/173 428/257/171 300/513/428
f 300/513/428 428/257/171 429/255/169 301/515/429
f 301/515/429 429/255/169 430/253/167 302/517/430
f 302/517/430 430/253/167 431/251/165 303/519/431
f 303/519/431 431/251/165 432/249/163 304/521/432
f 304/521/432 432/249/163 433/247/161 305/522/433
f 305/522/433 433/247/161 434/245/159 306/523/434
f 306/523/434 434/245/159 435/243/157 307/525/435
f 307/525/435 435/243/157 436/241/155 308/527/436
f 308/527/436 436/241/155 437/239/153 309/529/437
f 309/529/437 437/239/153 438/237/151 310/531/438
f 310/531/438 438/237/151 439/235/149 311/533/439
f 311/533/439 439/235/149 440/233/147 312/535/440
f 312/535/440 440/233/147 441/231/145 313/537/441
f 313/537/441 441/231/145 442/229/143 314/539/442
f 314/539/442 442/229/143 443/227/141 315/541/443
f 315/541/443 443/227/141 444/225/139 316/679/444
f 316/679/444 444/225/139 445/223/137 317/680/445
f 317/680/445 445/223/137 446/221/135 318/681/446
f 318/681/446 446/221/135 447/219/133 319/682/447
f 319/682/447 447/219/133 448/215/129 320/550/448
f 320/550/448 448/215/129 417/218/132 289/551/417
f 223/321/258 480/683/256 449/684/193 224/322/259
f 222/325/262 479/685/254 480/683/256 223/321/258
f 221/327/264 478/686/252 479/685/254 222/325/262
f 220/329/266 477/687/250 478/686/252 221/327/264
f 219/331/268 476/688/248 477/687/250 220/329/266
f 218/333/270 475/689/246 476/688/248 219/331/268
f 217/335/272 474/690/244 475/689/246 218/333/270
f 216/337/274 473/691/242 474/690/244 217/335/272
f 215/339/276 472/692/240 473/691/242 216/337/274
f 214/341/278 471/693/238 472/692/240 215/339/276
f 213/343/280 470/694/236 471/693/238 214/341/278
f 212/345/282 469/695/234 470/694/236 213/343/280
f 211/347/284 468/696/232 469/695/234 212/345/282
f 210/349/286 467/697/230 468/696/232 211/347/284
f 209/351/288 466/698/228 467/697/230 210/349/286
f 208/353/290 465/699/226 466/698/228 209/351/288
f 207/355/292 464/700/224 465/699/226 208/353/290
f 206/357/294 463/701/222 464/700/224 207/355/292
f 205/359/296 462/702/220 463/701/222 206/357/294
f 204/361/298 461/703/218 462/702/220 205/359/296
f 203/363/300 460/704/216 461/703/218 204/361/298
f 202/365/302 459/705/214 460/704/216 203/363/300
f 201/367/304 458/706/212 459/705/214 202/365/302
f 200/369/306 457/290/210 458/706/212 201/367/304
f 199/371/308 456/287/208 457/290/210 200/369/306
f 198/373/310 455/707/206 456/287/208 199/371/308
f 197/375/312 454/708/204 455/707/206 198/373/310
f 196/377/314 453/709/202 454/708/204 197/375/312
f 195/379/316 452/710/200 453/709/202 196/377/314
f 194/381/318 451/711/198 452/710/200 195/379/316
f 193/383/320 450/712/196 451/711/198 194/381/318
f 224/322/259 449/684/193 450/712/196 193/383/320
f 128/713/545 512/323/260 481/382/319 97/714/546
f 97/714/546 481/382/319 482/380/317 98/715/547
f 98/715/547 482/380/317 483/378/315 99/716/548
f 99/716/548 483/378/315 484/376/313 100/717/549
f 100/717/549 484/376/313 485/374/311 101/718/550
f 101/718/550 485/374/311 486/372/309 102/719/551
f 102/719/551 486/372/309 487/370/307 103/720/552
f 103/720/552 487/370/307 488/368/305 104/721/553
f 104/721/553 488/368/305 489/366/303 105/722/554
f 105/722/554 489/366/303 490/364/301 106/723/555
f 106/723/555 490/364/301 491/362/299 107/724/556
f 107/724/556 491/362/299 492/360/297 108/725/557
f 108/725/557 492/360/297 493/358/295 109/726/558
f 109/726/558 493/358/295 494/356/293 110/727/559
f 110/727/559 494/356/293 495/354/291 111/728/560
f 111/728/560 495/354/291 496/352/289 112/729/561
f 112/729/561 496/352/289 497/350/287 113/730/562
f 113/730/562 497/350/287 498/348/285 114/731/563
f 114/731/563 498/348/285 499/346/283 115/732/564
f 115/732/564 499/346/283 500/344/281 116/733/565
f 116/733/565 500/344/281 501/342/279 117/734/566
f 117/734/566 501/342/279 502/340/277 118/735/567
f 118/735/567 502/340/277 503/338/275 119/736/568
f 119/736/568 503/338/275 504/336/273 120/737/569
f 120/737/569 504/336/273 505/334/271 121/738/570
f 121/738/570 505/334/271 506/332/269 122/739/571
f 122/739/571 506/332/269 507/330/267 123/740/572
f 123/740/572 507/330/267 508/328/265 124/741/573
f 124/741/573 508/328/265 509/326/263 125/742/574
f 125/742/574 509/326/263 510/324/261 126/743/575
f 126/743/575 510/324/261 511/320/257 127/744/576
f 127/744/576 511/320/257 512/323/260 128/713/545
o Cylinder.001
v 0.000000 0.662940 -0.598752
v 0.116811 0.662940 -0.587247
v 0.229133 0.662940 -0.553175
v 0.332649 0.662940 -0.497844
v 0.423382 0.662940 -0.423382
v 0.497844 0.662940 -0.332649
v 0.553175 0.662940 -0.229133
v 0.587247 0.662940 -0.116811
v 0.598752 0.662940 0.000000
v 0.587247 0.662940 0.116811
v 0.553175 0.662940 0.229133
v 0.497844 0.662940 0.332649
v 0.423382 0.662940 0.423382
v 0.332649 0.662940 0.497844
v 0.229133 0.662940 0.553175
v 0.116811 0.662940 0.587247
v 0.000000 0.662940 0.598752
v -0.116811 0.662940 0.587247
v -0.229133 0.662940 0.553175
v -0.332649 0.662940 0.497844
v -0.423382 0.662940 0.423382
v -0.497844 0.662940 0.332649
v -0.553175 0.662940 0.229133
v -0.587247 0.662940 0.116811
v -0.598752 0.662940 0.000000
v -0.587247 0.662940 -0.116811
v -0.553175 0.662940 -0.229133
v -0.497844 0.662940 -0.332649
v -0.423382 0.662940 -0.423382
v -0.332649 0.662940 -0.497844
v -0.229133 0.662940 -0.553175
v -0.116811 0.662940 -0.587247
v 0.053096 1.015042 -0.266931
v 0.104151 1.015042 -0.251443
v 0.151204 1.015042 -0.226293
v 0.192446 1.015042 -0.192446
v 0.226293 1.015042 -0.151204
v 0.251443 1.015042 -0.104151
v 0.266931 1.015042 -0.053096
v 0.272160 1.015042 0.000000
v 0.266931 1.015042 0.053096
v 0.251443 1.015042 0.104151
v 0.226293 1.015042 0.151204
v 0.192446 1.015042 0.192446
v 0.151204 1.015042 0.226293
v 0.104151 1.015042 0.251443
v 0.053096 1.015042 0.266931
v 0.000000 1.015042 0.272160
v -0.053096 1.015042 0.266931
v -0.104151 1.015042 0.251443
v -0.151204 1.015042 0.226293
v -0.192446 1.015042 0.192446
v -0.226293 1.015042 0.151204
v -0.251443 1.015042 0.104151
v -0.266931 1.015042 0.053096
v -0.272160 1.015042 0.000000
v -0.266931 1.015042 -0.053096
v -0.251443 1.015042 -0.104151
v -0.226293 1.015042 -0.151204
v -0.192446 1.015042 -0.192446
v -0.151204 1.015042 -0.226293
v -0.104151 1.015042 -0.251443
v -0.053096 1.015042 -0.266931
v 0.000000 1.015042 -0.272160
v 0.115643 0.786323 -0.581375
v 0.226841 0.786323 -0.547643
v 0.329322 0.786323 -0.492866
v 0.419148 0.786323 -0.419148
v 0.492866 0.786323 -0.329322
v 0.547643 0.786323 -0.226841
v 0.581375 0.786323 -0.115643
v 0.592765 0.786323 0.000000
v 0.581375 0.786323 0.115643
v 0.547643 0.786323 0.226841
v 0.492866 0.786323 0.329322
v 0.419148 0.786323 0.419148
v 0.329322 0.786323 0.492866
v 0.226841 0.786323 0.547643
v 0.115643 0.786323 0.581375
v 0.000000 0.786323 0.592765
v -0.115643 0.786323 0.581375
v -0.226841 0.786323 0.547643
v -0.329322 0.786323 0.492866
v -0.419148 0.786323 0.419148
v -0.492866 0.786323 0.329322
v -0.547643 0.786323 0.226841
v -0.581375 0.786323 0.115643
v -0.592765 0.786323 0.000000
v -0.581375 0.786323 -0.115643
v -0.547643 0.786323 -0.226841
v -0.492866 0.786323 -0.329322
v -0.419148 0.786323 -0.419148
v -0.329322 0.786323 -0.492866
v -0.226841 0.786323 -0.547643
v -0.115643 0.786323 -0.581375
v 0.000000 0.786323 -0.592765
v 0.000000 0.899758 -0.535284
v 0.104429 0.899758 -0.524999
v 0.204845 0.899758 -0.494538
v 0.297388 0.899758 -0.445073
v 0.378503 0.899758 -0.378503
v 0.445073 0.899758 -0.297388
v 0.494538 0.899758 -0.204845
v 0.524999 0.899758 -0.104429
v 0.535284 0.899758 -0.000000
v 0.524999 0.899758 0.104429
v 0.494538 0.899758 0.204844
v 0.445073 0.899758 0.297388
v 0.378503 0.899758 0.378503
v 0.297388 0.899758 0.445073
v 0.204845 0.899758 0.494538
v 0.104429 0.899758 0.524999
v 0.000000 0.899758 0.535284
v -0.104429 0.899758 0.524999
v -0.204844 0.899758 0.494538
v -0.297388 0.899758 0.445073
v -0.378503 0.899758 0.378503
v -0.445073 0.899758 0.297388
v -0.494538 0.899758 0.204844
v -0.524999 0.899758 0.104429
v -0.535284 0.899758 -0.000000
v -0.524999 0.899758 -0.104429
v -0.494538 0.899758 -0.204845
v -0.445073 0.899758 -0.297388
v -0.378503 0.899758 -0.378503
v -0.297388 0.899758 -0.445073
v -0.204844 0.899758 -0.494538
v -0.104429 0.899758 -0.524999
v 0.000000 0.956476 -0.459063
v 0.089559 0.956476 -0.450242
v 0.175676 0.956476 -0.424119
v 0.255042 0.956476 -0.381697
v 0.324607 0.956476 -0.324607
v 0.381697 0.956476 -0.255042
v 0.424119 0.956476 -0.175676
v 0.450242 0.956476 -0.089559
v 0.459063 0.956476 -0.000000
v 0.450242 0.956476 0.089559
v 0.424119 0.956476 0.175676
v 0.381697 0.956476 0.255042
v 0.324607 0.956476 0.324607
v 0.255042 0.956476 0.381697
v 0.175676 0.956476 0.424119
v 0.089559 0.956476 0.450242
v 0.000000 0.956476 0.459063
v -0.089559 0.956476 0.450242
v -0.175676 0.956476 0.424119
v -0.255042 0.956476 0.381697
v -0.324607 0.956476 0.324607
v -0.381697 0.956476 0.255042
v -0.424119 0.956476 0.175676
v -0.450242 0.956476 0.089559
v -0.459063 0.956476 -0.000000
v -0.450242 0.956476 -0.089559
v -0.424119 0.956476 -0.175676
v -0.381697 0.956476 -0.255042
v -0.324607 0.956476 -0.324607
v -0.255042 0.956476 -0.381697
v -0.175676 0.956476 -0.424119
v -0.089559 0.956476 -0.450242
v 0.000000 0.997309 -0.379220
v 0.073982 0.997309 -0.371933
v 0.145121 0.997309 -0.350353
v 0.210683 0.997309 -0.315310
v 0.268149 0.997309 -0.268149
v 0.315310 0.997309 -0.210683
v 0.350353 0.997309 -0.145121
v 0.371933 0.997309 -0.073982
v 0.379220 0.997309 0.000000
v 0.371933 0.997309 0.073982
v 0.350353 0.997309 0.145121
v 0.315310 0.997309 0.210683
v 0.268149 0.997309 0.268149
v 0.210683 0.997309 0.315310
v 0.145121 0.997309 0.350353
v 0.073982 0.997309 0.371933
v 0.000000 0.997309 0.379220
v -0.073982 0.997309 0.371933
v -0.145121 0.997309 0.350353
v -0.210683 0.997309 0.315310
v -0.268149 0.997309 0.268149
v -0.315310 0.997309 0.210683
v -0.350353 0.997309 0.145121
v -0.371933 0.997309 0.073982
v -0.379220 0.997309 0.000000
v -0.371933 0.997309 -0.073982
v -0.350353 0.997309 -0.145121
v -0.315310 0.997309 -0.210683
v -0.268149 0.997309 -0.268149
v -0.210683 0.997309 -0.315310
v -0.145121 0.997309 -0.350353
v -0.073982 0.997309 -0.371933
v 0.000000 0.616740 -0.538877
v 0.105130 0.616740 -0.528522
v 0.206219 0.616740 -0.497857
v 0.299384 0.616740 -0.448060
v 0.381044 0.616740 -0.381044
v 0.448060 0.616740 -0.299384
v 0.497857 0.616740 -0.206219
v 0.528522 0.616740 -0.105130
v 0.538877 0.616740 0.000000
v 0.528522 0.616740 0.105130
v 0.497857 0.616740 0.206219
v 0.448060 0.616740 0.299384
v 0.381044 0.616740 0.381044
v 0.299384 0.616740 0.448060
v 0.206219 0.616740 0.497857
v 0.105130 0.616740 0.528522
v 0.000000 0.616740 0.538877
v -0.105130 0.616740 0.528522
v -0.206219 0.616740 0.497857
v -0.299384 0.616740 0.448060
v -0.381044 0.616740 0.381044
v -0.448060 0.616740 0.299384
v -0.497857 0.616740 0.206219
v -0.528522 0.616740 0.105130
v -0.538877 0.616740 0.000000
v -0.528522 0.616740 -0.105130
v -0.497857 0.616740 -0.206219
v -0.448060 0.616740 -0.299384
v -0.381044 0.616740 -0.381044
v -0.299384 0.616740 -0.448060
v -0.206219 0.616740 -0.497857
v -0.105130 0.616740 -0.528522
v 0.571832 0.639840 0.113744
v 0.583035 0.639840 0.000000
v 0.000000 0.639840 0.583035
v 0.113744 0.639840 0.571832
v -0.571832 0.639840 0.113744
v -0.538654 0.639840 0.223118
v 0.323917 0.639840 -0.484776
v 0.223118 0.639840 -0.538654
v -0.223118 0.639840 -0.538654
v -0.323917 0.639840 -0.484776
v 0.538654 0.639840 0.223118
v -0.113744 0.639840 0.571832
v -0.583035 0.639840 0.000000
v 0.412268 0.639840 -0.412268
v -0.113744 0.639840 -0.571832
v 0.484776 0.639840 0.323917
v -0.223118 0.639840 0.538654
v -0.571832 0.639840 -0.113744
v 0.484776 0.639840 -0.323917
v 0.000000 0.639840 -0.583035
v 0.412268 0.639840 0.412268
v -0.323917 0.639840 0.484776
v -0.538654 0.639840 -0.223118
v 0.538654 0.639840 -0.223118
v 0.323917 0.639840 0.484776
v -0.412268 0.639840 0.412268
v -0.484776 0.639840 -0.323917
v 0.571832 0.639840 -0.113744
v 0.223118 0.639840 0.538654
v -0.484776 0.639840 0.323917
v 0.113744 0.639840 -0.571832
v -0.412268 0.639840 -0.412268
v -0.000000 0.616740 -0.215551
v 0.042052 0.616740 -0.211409
v 0.082488 0.616740 -0.199143
v 0.119754 0.616740 -0.179224
v 0.152417 0.616740 -0.152417
v 0.179224 0.616740 -0.119754
v 0.199143 0.616740 -0.082488
v 0.211409 0.616740 -0.042052
v 0.215551 0.616740 -0.000000
v 0.211409 0.616740 0.042052
v 0.199143 0.616740 0.082488
v 0.179224 0.616740 0.119754
v 0.152417 0.616740 0.152417
v 0.119754 0.616740 0.179224
v 0.082488 0.616740 0.199143
v 0.042052 0.616740 0.211409
v -0.000000 0.616740 0.215551
v -0.042052 0.616740 0.211409
v -0.082488 0.616740 0.199143
v -0.119754 0.616740 0.179224
v -0.152417 0.616740 0.152417
v -0.179224 0.616740 0.119754
v -0.199143 0.616740 0.082488
v -0.211409 0.616740 0.042052
v -0.215551 0.616740 -0.000000
v -0.211409 0.616740 -0.042052
v -0.199143 0.616740 -0.082488
v -0.179224 0.616740 -0.119754
v -0.152417 0.616740 -0.152417
v -0.119754 0.616740 -0.179224
v -0.082488 0.616740 -0.199143
v -0.042052 0.616740 -0.211409
v -0.000000 0.570540 -0.193996
v 0.037847 0.570540 -0.190268
v 0.074239 0.570540 -0.179229
v 0.107778 0.570540 -0.161302
v 0.137176 0.570540 -0.137176
v 0.161302 0.570540 -0.107778
v 0.179229 0.570540 -0.074239
v 0.190268 0.570540 -0.037847
v 0.193996 0.570540 -0.000000
v 0.190268 0.570540 0.037847
v 0.179229 0.570540 0.074239
v 0.161302 0.570540 0.107778
v 0.137176 0.570540 0.137176
v 0.107778 0.570540 0.161302
v 0.074239 0.570540 0.179229
v 0.037847 0.570540 0.190268
v -0.000000 0.570540 0.193996
v -0.037847 0.570540 0.190268
v -0.074239 0.570540 0.179229
v -0.107778 0.570540 0.161302
v -0.137176 0.570540 0.137176
v -0.161302 0.570540 0.107778
v -0.179229 0.570540 0.074239
v -0.190268 0.570540 0.037847
v -0.193996 0.570540 -0.000000
v -0.190268 0.570540 -0.037847
v -0.179229 0.570540 -0.074239
v -0.161302 0.570540 -0.107778
v -0.137176 0.570540 -0.137176
v -0.107778 0.570540 -0.161302
v -0.074239 0.570540 -0.179229
v -0.037847 0.570540 -0.190268
v 0.199143 0.593640 -0.082488
v 0.179224 0.593640 -0.119754
v -0.152417 0.593640 0.152417
v -0.119754 0.593640 0.179224
v 0.211409 0.593640 -0.042052
v -0.179224 0.593640 0.119754
v 0.215551 0.593640 -0.000000
v -0.199143 0.593640 0.082488
v 0.211409 0.593640 0.042052
v -0.211409 0.593640 0.042052
v 0.199143 0.593640 0.082488
v -0.215551 0.593640 -0.000000
v 0.179224 0.593640 0.119754
v -0.211409 0.593640 -0.042052
v 0.152417 0.593640 0.152417
v -0.199143 0.593640 -0.082488
v 0.119754 0.593640 0.179224
v -0.179224 0.593640 -0.119754
v 0.082488 0.593640 0.199143
v 0.042052 0.593640 -0.211409
v -0.000000 0.593640 -0.215551
v -0.152417 0.593640 -0.152417
v 0.042052 0.593640 0.211409
v 0.082488 0.593640 -0.199143
v -0.119754 0.593640 -0.179224
v -0.000000 0.593640 0.215551
v 0.119754 0.593640 -0.179224
v -0.082488 0.593640 -0.199143
v -0.042052 0.593640 0.211409
v 0.152417 0.593640 -0.152417
v -0.042052 0.593640 -0.211409
v -0.082488 0.593640 0.199143
v 0.193915 0.582090 -0.080322
v -0.148416 0.582090 0.148416
v 0.205860 0.582090 -0.040948
v -0.174519 0.582090 0.116610
v 0.209893 0.582090 -0.000000
v -0.193915 0.582090 0.080322
v 0.205860 0.582090 0.040948
v -0.205860 0.582090 0.040948
v 0.193915 0.582090 0.080322
v -0.209893 0.582090 -0.000000
v 0.174519 0.582090 0.116610
v -0.205860 0.582090 -0.040948
v 0.148416 0.582090 0.148416
v -0.193915 0.582090 -0.080322
v 0.116610 0.582090 0.174519
v -0.174519 0.582090 -0.116610
v 0.080322 0.582090 0.193915
v 0.040948 0.582090 -0.205860
v -0.148416 0.582090 -0.148416
v 0.040948 0.582090 0.205860
v 0.080322 0.582090 -0.193915
v -0.116610 0.582090 -0.174519
v -0.000000 0.582090 0.209893
v 0.116610 0.582090 -0.174519
v -0.080322 0.582090 -0.193915
v -0.040948 0.582090 0.205860
v 0.148416 0.582090 -0.148416
v -0.040948 0.582090 -0.205860
v -0.080322 0.582090 0.193915
v 0.174519 0.582090 -0.116610
v -0.116610 0.582090 0.174519
v -0.000000 0.582090 -0.209893
vn -0.0622 0.9479 -0.3126
vn -0.0169 0.9962 -0.0851
vn -0.0000 0.9962 -0.0868
vn -0.0000 0.9479 -0.3187
vn -0.1220 0.9479 -0.2944
vn -0.0332 0.9962 -0.0802
vn -0.1771 0.9479 -0.2650
vn -0.0482 0.9962 -0.0722
vn -0.2254 0.9479 -0.2254
vn -0.0614 0.9962 -0.0614
vn -0.2650 0.9479 -0.1771
vn -0.0722 0.9962 -0.0482
vn -0.2944 0.9479 -0.1220
vn -0.0802 0.9962 -0.0332
vn -0.3126 0.9479 -0.0622
vn -0.0851 0.9962 -0.0169
vn -0.3187 0.9479 -0.0000
vn -0.0868 0.9962 -0.0000
vn -0.3126 0.9479 0.0622
vn -0.0851 0.9962 0.0169
vn -0.2944 0.9479 0.1220
vn -0.0802 0.9962 0.0332
vn -0.2650 0.9479 0.1771
vn -0.0722 0.9962 0.0482
vn -0.2254 0.9479 0.2254
vn -0.0614 0.9962 0.0614
vn -0.1771 0.9479 0.2650
vn -0.0482 0.9962 0.0722
vn -0.1220 0.9479 0.2944
vn -0.0332 0.9962 0.0802
vn -0.0622 0.9479 0.3126
vn -0.0169 0.9962 0.0851
vn -0.0000 0.9479 0.3187
vn -0.0000 0.9962 0.0868
vn 0.0622 0.9479 0.3126
vn 0.0169 0.9962 0.0851
vn 0.1220 0.9479 0.2944
vn 0.0332 0.9962 0.0802
vn 0.1771 0.9479 0.2650
vn 0.0482 0.9962 0.0722
vn 0.2254 0.9479 0.2254
vn 0.0614 0.9962 0.0614
vn 0.2650 0.9479 0.1771
vn 0.0722 0.9962 0.0482
vn 0.2944 0.9479 0.1220
vn 0.0802 0.9962 0.0332
vn 0.3126 0.9479 0.0622
vn 0.0851 0.9962 0.0169
vn 0.3187 0.9479 -0.0000
vn 0.0868 0.9962 -0.0000
vn 0.3126 0.9479 -0.0622
vn 0.0851 0.9962 -0.0169
vn 0.2944 0.9479 -0.1220
vn 0.0802 0.9962 -0.0332
vn 0.2650 0.9479 -0.1771
vn 0.0722 0.9962 -0.0482
vn 0.2254 0.9479 -0.2254
vn 0.0614 0.9962 -0.0614
vn 0.1771 0.9479 -0.2650
vn 0.0482 0.9962 -0.0722
vn 0.1220 0.9479 -0.2944
vn 0.0332 0.9962 -0.0802
vn 0.0622 0.9479 -0.3126
vn 0.0169 0.9962 -0.0851
vn -0.0000 0.0485 -0.9988
vn -0.0000 0.2564 -0.9666
vn 0.1886 0.2564 -0.9480
vn 0.1949 0.0485 -0.9796
vn 0.3699 0.2564 -0.8930
vn 0.3822 0.0485 -0.9228
vn 0.5370 0.2564 -0.8037
vn 0.5549 0.0485 -0.8305
vn 0.6835 0.2564 -0.6835
vn 0.7063 0.0485 -0.7063
vn 0.8037 0.2564 -0.5370
vn 0.8305 0.0485 -0.5549
vn 0.8930 0.2564 -0.3699
vn 0.9228 0.0485 -0.3822
vn 0.9480 0.2564 -0.1886
vn 0.9796 0.0485 -0.1949
vn 0.9666 0.2564 -0.0000
vn 0.9988 0.0485 -0.0000
vn 0.9480 0.2564 0.1886
vn 0.9796 0.0485 0.1949
vn 0.8930 0.2564 0.3699
vn 0.9228 0.0485 0.3822
vn 0.8037 0.2564 0.5370
vn 0.8305 0.0485 0.5549
vn 0.6835 0.2564 0.6835
vn 0.7063 0.0485 0.7063
vn 0.5370 0.2564 0.8037
vn 0.5549 0.0485 0.8305
vn 0.3699 0.2564 0.8930
vn 0.3822 0.0485 0.9228
vn 0.1886 0.2564 0.9480
vn 0.1949 0.0485 0.9796
vn -0.0000 0.2564 0.9666
vn -0.0000 0.0485 0.9988
vn -0.1886 0.2564 0.9480
vn -0.1949 0.0485 0.9796
vn -0.3699 0.2564 0.8930
vn -0.3822 0.0485 0.9228
vn -0.5370 0.2564 0.8037
vn -0.5549 0.0485 0.8305
vn -0.6835 0.2564 0.6835
vn -0.7063 0.0485 0.7063
vn -0.8037 0.2564 0.5370
vn -0.8305 0.0485 0.5549
vn -0.8930 0.2564 0.3699
vn -0.9228 0.0485 0.3822
vn -0.9480 0.2564 0.1886
vn -0.9796 0.0485 0.1949
vn -0.9666 0.2564 -0.0000
vn -0.9988 0.0485 -0.0000
vn -0.9480 0.2564 -0.1886
vn -0.9796 0.0485 -0.1949
vn -0.8930 0.2564 -0.3699
vn -0.9228 0.0485 -0.3822
vn -0.8037 0.2564 -0.5370
vn -0.8305 0.0485 -0.5549
vn -0.6835 0.2564 -0.6835
vn -0.7063 0.0485 -0.7063
vn -0.5370 0.2564 -0.8037
vn -0.5549 0.0485 -0.8305
vn -0.3699 0.2564 -0.8930
vn -0.3822 0.0485 -0.9228
vn -0.1886 0.2564 -0.9480
vn -0.1949 0.0485 -0.9796
vn -0.0000 0.6449 -0.7642
vn 0.1491 0.6449 -0.7496
vn 0.2925 0.6449 -0.7061
vn 0.4246 0.6449 -0.6354
vn 0.5404 0.6449 -0.5404
vn 0.6354 0.6449 -0.4246
vn 0.7061 0.6449 -0.2925
vn 0.7496 0.6449 -0.1491
vn 0.7642 0.6449 -0.0000
vn 0.7496 0.6449 0.1491
vn 0.7061 0.6449 0.2925
vn 0.6354 0.6449 0.4246
vn 0.5404 0.6449 0.5404
vn 0.4246 0.6449 0.6354
vn 0.2925 0.6449 0.7061
vn 0.1491 0.6449 0.7496
vn -0.0000 0.6449 0.7642
vn -0.1491 0.6449 0.7496
vn -0.2925 0.6449 0.7061
vn -0.4246 0.6449 0.6354
vn -0.5404 0.6449 0.5404
vn -0.6354 0.6449 0.4246
vn -0.7061 0.6449 0.2925
vn -0.7496 0.6449 0.1491
vn -0.7642 0.6449 -0.0000
vn -0.7496 0.6449 -0.1491
vn -0.7061 0.6449 -0.2925
vn -0.6354 0.6449 -0.4246
vn -0.5404 0.6449 -0.5404
vn -0.4246 0.6449 -0.6354
vn -0.2925 0.6449 -0.7061
vn -0.1491 0.6449 -0.7496
vn -0.0000 0.8477 -0.5305
vn 0.1035 0.8477 -0.5203
vn 0.2030 0.8477 -0.4901
vn 0.2947 0.8477 -0.4411
vn 0.3751 0.8477 -0.3751
vn 0.4411 0.8477 -0.2947
vn 0.4901 0.8477 -0.2030
vn 0.5203 0.8477 -0.1035
vn 0.5305 0.8477 -0.0000
vn 0.5203 0.8477 0.1035
vn 0.4901 0.8477 0.2030
vn 0.4411 0.8477 0.2947
vn 0.3751 0.8477 0.3751
vn 0.2947 0.8477 0.4411
vn 0.2030 0.8477 0.4901
vn 0.1035 0.8477 0.5203
vn -0.0000 0.8477 0.5305
vn -0.1035 0.8477 0.5203
vn -0.2030 0.8477 0.4901
vn -0.2947 0.8477 0.4411
vn -0.3751 0.8477 0.3751
vn -0.4411 0.8477 0.2947
vn -0.4901 0.8477 0.2030
vn -0.5203 0.8477 0.1035
vn -0.5305 0.8477 -0.0000
vn -0.5203 0.8477 -0.1035
vn -0.4901 0.8477 -0.2030
vn -0.4411 0.8477 -0.2947
vn -0.3751 0.8477 -0.3751
vn -0.2947 0.8477 -0.4411
vn -0.2030 0.8477 -0.4901
vn -0.1035 0.8477 -0.5203
vn 0.6648 -0.7471 -0.0000
vn 0.6520 -0.7471 0.1297
vn 0.4546 -0.8861 0.0904
vn 0.4635 -0.8861 -0.0000
vn 0.1297 -0.7471 0.6520
vn -0.0000 -0.7471 0.6648
vn -0.0000 -0.8861 0.4635
vn 0.0904 -0.8861 0.4546
vn -0.6142 -0.7471 0.2544
vn -0.6520 -0.7471 0.1297
vn -0.4546 -0.8861 0.0904
vn -0.4282 -0.8861 0.1774
vn 0.2544 -0.7471 -0.6142
vn 0.3693 -0.7471 -0.5527
vn 0.2575 -0.8861 -0.3854
vn 0.1774 -0.8861 -0.4282
vn -0.3693 -0.7471 -0.5527
vn -0.2544 -0.7471 -0.6142
vn -0.1774 -0.8861 -0.4282
vn -0.2575 -0.8861 -0.3854
vn 0.6142 -0.7471 0.2544
vn 0.4282 -0.8861 0.1774
vn -0.1297 -0.7471 0.6520
vn -0.0904 -0.8861 0.4546
vn -0.6648 -0.7471 -0.0000
vn -0.4635 -0.8861 -0.0000
vn 0.4701 -0.7471 -0.4701
vn 0.3278 -0.8861 -0.3278
vn -0.1297 -0.7471 -0.6520
vn -0.0904 -0.8861 -0.4546
vn 0.5527 -0.7471 0.3693
vn 0.3854 -0.8861 0.2575
vn -0.2544 -0.7471 0.6142
vn -0.1774 -0.8861 0.4282
vn -0.6520 -0.7471 -0.1297
vn -0.4546 -0.8861 -0.0904
vn 0.5527 -0.7471 -0.3693
vn 0.3854 -0.8861 -0.2575
vn -0.0000 -0.7471 -0.6648
vn -0.0000 -0.8861 -0.4635
vn 0.4701 -0.7471 0.4701
vn 0.3278 -0.8861 0.3278
vn -0.3693 -0.7471 0.5527
vn -0.2575 -0.8861 0.3854
vn -0.6142 -0.7471 -0.2544
vn -0.4282 -0.8861 -0.1774
vn 0.6142 -0.7471 -0.2544
vn 0.4282 -0.8861 -0.1774
vn 0.3693 -0.7471 0.5527
vn 0.2575 -0.8861 0.3854
vn -0.4701 -0.7471 0.4701
vn -0.3278 -0.8861 0.3278
vn -0.5527 -0.7471 -0.3693
vn -0.3854 -0.8861 -0.2575
vn 0.6520 -0.7471 -0.1297
vn 0.4546 -0.8861 -0.0904
vn 0.2544 -0.7471 0.6142
vn 0.1774 -0.8861 0.4282
vn -0.5527 -0.7471 0.3693
vn -0.3854 -0.8861 0.2575
vn 0.1297 -0.7471 -0.6520
vn 0.0904 -0.8861 -0.4546
vn -0.4701 -0.7471 -0.4701
vn -0.3278 -0.8861 -0.3278
vn -0.5846 -0.5625 -0.5846
vn -0.4593 -0.5625 -0.6874
vn 0.1613 -0.5625 -0.8109
vn 0.3164 -0.5625 -0.7638
vn -0.6874 -0.5625 0.4593
vn -0.7638 -0.5625 0.3164
vn 0.3164 -0.5625 0.7638
vn 0.1613 -0.5625 0.8109
vn 0.8109 -0.5625 -0.1613
vn 0.8268 -0.5625 -0.0000
vn -0.6874 -0.5625 -0.4593
vn -0.0000 -0.5625 -0.8268
vn -0.5846 -0.5625 0.5846
vn 0.4593 -0.5625 0.6874
vn 0.7638 -0.5625 -0.3164
vn -0.7638 -0.5625 -0.3164
vn -0.4593 -0.5625 0.6874
vn 0.5846 -0.5625 0.5846
vn 0.6874 -0.5625 -0.4593
vn -0.8109 -0.5625 -0.1613
vn -0.3164 -0.5625 0.7638
vn 0.6874 -0.5625 0.4593
vn -0.1613 -0.5625 -0.8109
vn 0.5846 -0.5625 -0.5846
vn -0.8268 -0.5625 -0.0000
vn -0.1613 -0.5625 0.8109
vn 0.7638 -0.5625 0.3164
vn -0.3164 -0.5625 -0.7638
vn 0.4593 -0.5625 -0.6874
vn -0.8109 -0.5625 0.1613
vn -0.0000 -0.5625 0.8268
vn 0.8109 -0.5625 0.1613
vn -0.0000 -1.0000 -0.0000
vn 0.6357 -0.6446 -0.4248
vn 0.7064 -0.6446 -0.2926
vn 0.5431 -0.8090 -0.2249
vn 0.4887 -0.8090 -0.3266
vn -0.4248 -0.6446 0.6357
vn -0.5406 -0.6446 0.5406
vn -0.4156 -0.8090 0.4156
vn -0.3266 -0.8090 0.4887
vn 0.7499 -0.6446 -0.1492
vn 0.5765 -0.8090 -0.1147
vn -0.6357 -0.6446 0.4248
vn -0.4887 -0.8090 0.3266
vn 0.7646 -0.6446 -0.0000
vn 0.5878 -0.8090 -0.0000
vn -0.7064 -0.6446 0.2926
vn -0.5431 -0.8090 0.2249
vn 0.7499 -0.6446 0.1492
vn 0.5765 -0.8090 0.1147
vn -0.7499 -0.6446 0.1492
vn -0.5765 -0.8090 0.1147
vn 0.7064 -0.6446 0.2926
vn 0.5431 -0.8090 0.2249
vn -0.7646 -0.6446 -0.0000
vn -0.5878 -0.8090 -0.0000
vn 0.6357 -0.6446 0.4248
vn 0.4887 -0.8090 0.3266
vn -0.7499 -0.6446 -0.1492
vn -0.5765 -0.8090 -0.1147
vn 0.5406 -0.6446 0.5406
vn 0.4156 -0.8090 0.4156
vn -0.7064 -0.6446 -0.2926
vn -0.5431 -0.8090 -0.2249
vn 0.4248 -0.6446 0.6357
vn 0.3266 -0.8090 0.4887
vn -0.6357 -0.6446 -0.4248
vn -0.4887 -0.8090 -0.3266
vn 0.2926 -0.6446 0.7064
vn 0.2249 -0.8090 0.5431
vn -0.0000 -0.6446 -0.7646
vn 0.1492 -0.6446 -0.7499
vn 0.1147 -0.8090 -0.5765
vn -0.0000 -0.8090 -0.5878
vn -0.5406 -0.6446 -0.5406
vn -0.4156 -0.8090 -0.4156
vn 0.1492 -0.6446 0.7499
vn 0.1147 -0.8090 0.5765
vn 0.2926 -0.6446 -0.7064
vn 0.2249 -0.8090 -0.5431
vn -0.4248 -0.6446 -0.6357
vn -0.3266 -0.8090 -0.4887
vn -0.0000 -0.6446 0.7646
vn -0.0000 -0.8090 0.5878
vn 0.4248 -0.6446 -0.6357
vn 0.3266 -0.8090 -0.4887
vn -0.2926 -0.6446 -0.7064
vn -0.2249 -0.8090 -0.5431
vn -0.1492 -0.6446 0.7499
vn -0.1147 -0.8090 0.5765
vn 0.5406 -0.6446 -0.5406
vn 0.4156 -0.8090 -0.4156
vn -0.1492 -0.6446 -0.7499
vn -0.1147 -0.8090 -0.5765
vn -0.2926 -0.6446 0.7064
vn -0.2249 -0.8090 0.5431
vn -0.3827 -0.0000 0.9239
vn -0.5556 -0.0000 0.8315
vn -0.5411 -0.2266 0.8098
vn -0.3727 -0.2266 0.8998
vn -0.1951 -0.0000 -0.9808
vn -0.0000 -0.0000 -1.0000
vn -0.0000 -0.2266 -0.9740
vn -0.1900 -0.2266 -0.9553
vn 0.7071 -0.0000 -0.7071
vn 0.8315 -0.0000 -0.5556
vn 0.8098 -0.2266 -0.5411
vn 0.6887 -0.2266 -0.6887
vn -0.1951 -0.0000 0.9808
vn -0.1900 -0.2266 0.9553
vn -0.3827 -0.0000 -0.9239
vn -0.3727 -0.2266 -0.8998
vn 0.5556 -0.0000 -0.8315
vn 0.5411 -0.2266 -0.8098
vn -0.0000 -0.0000 1.0000
vn -0.0000 -0.2266 0.9740
vn -0.5556 -0.0000 -0.8315
vn -0.5411 -0.2266 -0.8098
vn 0.3827 -0.0000 -0.9239
vn 0.3727 -0.2266 -0.8998
vn 0.1951 -0.0000 0.9808
vn 0.1900 -0.2266 0.9553
vn -0.7071 -0.0000 -0.7071
vn -0.6887 -0.2266 -0.6887
vn 0.1951 -0.0000 -0.9808
vn 0.1900 -0.2266 -0.9553
vn 0.3827 -0.0000 0.9239
vn 0.3727 -0.2266 0.8998
vn -0.8315 -0.0000 -0.5556
vn -0.8098 -0.2266 -0.5411
vn 0.5556 -0.0000 0.8315
vn 0.5411 -0.2266 0.8098
vn -0.9239 -0.0000 -0.3827
vn -0.8998 -0.2266 -0.3727
vn 0.7071 -0.0000 0.7071
vn 0.6887 -0.2266 0.6887
vn -0.9808 -0.0000 -0.1951
vn -0.9553 -0.2266 -0.1900
vn 0.8315 -0.0000 0.5556
vn 0.8098 -0.2266 0.5411
vn -1.0000 -0.0000 -0.0000
vn -0.9740 -0.2266 -0.0000
vn 0.9239 -0.0000 0.3827
vn 0.8998 -0.2266 0.3727
vn -0.9808 -0.0000 0.1951
vn -0.9553 -0.2266 0.1900
vn 0.9808 -0.0000 0.1951
vn 0.9553 -0.2266 0.1900
vn -0.9239 -0.0000 0.3827
vn -0.8998 -0.2266 0.3727
vn 1.0000 -0.0000 -0.0000
vn 0.9740 -0.2266 -0.0000
vn -0.8315 -0.0000 0.5556
vn -0.8098 -0.2266 0.5411
vn 0.9808 -0.0000 -0.1951
vn 0.9553 -0.2266 -0.1900
vn -0.7071 -0.0000 0.7071
vn -0.6887 -0.2266 0.6887
vn 0.9239 -0.0000 -0.3827
vn 0.8998 -0.2266 -0.3727
vt 0.068959 0.768265
vt 0.116264 0.763606
vt 0.120886 0.786839
vt 0.075398 0.800638
vt 0.068959 0.735258
vt 0.116264 0.739917
vt 0.075398 0.702885
vt 0.120886 0.716684
vt 0.088029 0.672391
vt 0.129951 0.694799
vt 0.106367 0.644947
vt 0.143111 0.675102
vt 0.129706 0.621607
vt 0.159862 0.658352
vt 0.157151 0.603270
vt 0.179558 0.645191
vt 0.187645 0.590639
vt 0.201443 0.636126
vt 0.220018 0.584199
vt 0.224677 0.631505
vt 0.253024 0.584199
vt 0.248365 0.631505
vt 0.285397 0.590638
vt 0.271599 0.636126
vt 0.315891 0.603270
vt 0.293484 0.645191
vt 0.343336 0.621607
vt 0.313180 0.658352
vt 0.366675 0.644947
vt 0.329931 0.675102
vt 0.385013 0.672391
vt 0.343091 0.694798
vt 0.397644 0.702885
vt 0.352156 0.716684
vt 0.404083 0.735258
vt 0.356778 0.739917
vt 0.404083 0.768265
vt 0.356778 0.763606
vt 0.397644 0.800637
vt 0.352156 0.786839
vt 0.385013 0.831132
vt 0.343091 0.808724
vt 0.366675 0.858576
vt 0.329931 0.828421
vt 0.343336 0.881915
vt 0.313180 0.845171
vt 0.315892 0.900253
vt 0.293484 0.858332
vt 0.285397 0.912884
vt 0.271599 0.867397
vt 0.253025 0.919324
vt 0.248365 0.872018
vt 0.220018 0.919324
vt 0.224677 0.872018
vt 0.187645 0.912884
vt 0.201444 0.867397
vt 0.157151 0.900253
vt 0.179558 0.858332
vt 0.129706 0.881916
vt 0.159862 0.845171
vt 0.106367 0.858576
vt 0.143112 0.828421
vt 0.088029 0.831132
vt 0.129951 0.808724
vt 0.627991 0.179444
vt 0.568507 0.179704
vt 0.569130 0.129102
vt 0.628620 0.128330
vt 0.570352 0.081436
vt 0.629854 0.080183
vt 0.572125 0.038537
vt 0.631646 0.036851
vt 0.574383 0.002055
vt 0.633926 0.000000
vt 0.762940 0.374158
vt 0.703410 0.371741
vt 0.701376 0.335245
vt 0.760885 0.337294
vt 0.699863 0.292337
vt 0.759357 0.293953
vt 0.698932 0.244664
vt 0.758417 0.245798
vt 0.698618 0.194059
vt 0.758099 0.194682
vt 0.698932 0.142466
vt 0.758417 0.142568
vt 0.699863 0.091869
vt 0.759357 0.091459
vt 0.701376 0.044211
vt 0.760885 0.043320
vt 0.703411 0.001324
vt 0.762940 -0.000000
vt 0.588929 0.852541
vt 0.529160 0.850855
vt 0.531038 0.807956
vt 0.590825 0.809209
vt 0.532331 0.760290
vt 0.592131 0.761061
vt 0.532990 0.709687
vt 0.592797 0.709948
vt 0.532990 0.658094
vt 0.592797 0.657833
vt 0.532331 0.607492
vt 0.592131 0.606720
vt 0.531038 0.559825
vt 0.590825 0.558572
vt 0.529160 0.516927
vt 0.588929 0.515240
vt 0.656841 0.374158
vt 0.716370 0.375482
vt 0.718405 0.418369
vt 0.658896 0.417478
vt 0.719917 0.466027
vt 0.660424 0.465618
vt 0.720849 0.516624
vt 0.661364 0.516726
vt 0.721163 0.568217
vt 0.661682 0.568840
vt 0.720849 0.618822
vt 0.661364 0.619956
vt 0.719917 0.666495
vt 0.660424 0.668111
vt 0.718405 0.709404
vt 0.658896 0.711453
vt 0.716370 0.745899
vt 0.656841 0.748317
vt 0.633926 0.411002
vt 0.574383 0.408947
vt 0.572125 0.372465
vt 0.631646 0.374151
vt 0.570352 0.329566
vt 0.629854 0.330820
vt 0.569130 0.281900
vt 0.628620 0.282672
vt 0.568507 0.231298
vt 0.627991 0.231558
vt 0.515240 0.182206
vt 0.515803 0.136510
vt 0.516906 0.093466
vt 0.518507 0.054728
vt 0.520546 0.021783
vt 0.649695 0.351685
vt 0.647857 0.318728
vt 0.646492 0.279981
vt 0.645651 0.236931
vt 0.645367 0.191233
vt 0.645651 0.144643
vt 0.646492 0.098952
vt 0.647857 0.055915
vt 0.649695 0.017187
vt 0.473042 0.834664
vt 0.474738 0.795925
vt 0.475905 0.752881
vt 0.476501 0.707186
vt 0.476501 0.660595
vt 0.475905 0.614900
vt 0.474738 0.571856
vt 0.473042 0.533117
vt 0.770086 0.391345
vt 0.771924 0.430074
vt 0.773289 0.473110
vt 0.774130 0.518801
vt 0.774414 0.565391
vt 0.774130 0.611089
vt 0.773289 0.654139
vt 0.771924 0.692887
vt 0.770086 0.725843
vt 0.520546 0.389219
vt 0.518507 0.356275
vt 0.516906 0.317536
vt 0.515803 0.274492
vt 0.515240 0.228796
vt 0.009089 0.820752
vt 0.041474 0.810928
vt 0.056765 0.847843
vt 0.026919 0.863796
vt 0.078964 0.881066
vt 0.052803 0.902535
vt 0.107217 0.909319
vt 0.085748 0.935479
vt 0.140439 0.931518
vt 0.124486 0.961364
vt 0.177354 0.946808
vt 0.167531 0.979193
vt 0.216543 0.954603
vt 0.213226 0.988283
vt 0.256499 0.954603
vt 0.259816 0.988283
vt 0.295688 0.946808
vt 0.305512 0.979193
vt 0.332603 0.931518
vt 0.348556 0.961364
vt 0.365825 0.909319
vt 0.387295 0.935479
vt 0.394079 0.881066
vt 0.420239 0.902535
vt 0.416277 0.847843
vt 0.446123 0.863796
vt 0.431568 0.810928
vt 0.463953 0.820752
vt 0.439363 0.771739
vt 0.473042 0.775057
vt 0.439363 0.731783
vt 0.473042 0.728466
vt 0.431568 0.692594
vt 0.463953 0.682771
vt 0.416277 0.655680
vt 0.446123 0.639727
vt 0.394079 0.622457
vt 0.420239 0.600988
vt 0.365825 0.594204
vt 0.387294 0.568043
vt 0.332603 0.572005
vt 0.348556 0.542159
vt 0.295688 0.556714
vt 0.305512 0.524330
vt 0.256499 0.548919
vt 0.259816 0.515240
vt 0.216543 0.548919
vt 0.213226 0.515240
vt 0.177354 0.556715
vt 0.167530 0.524330
vt 0.140439 0.572005
vt 0.124486 0.542159
vt 0.107217 0.594204
vt 0.085748 0.568044
vt 0.078963 0.622457
vt 0.052803 0.600988
vt 0.056765 0.655680
vt 0.026919 0.639727
vt 0.041474 0.692595
vt 0.009089 0.682771
vt 0.033679 0.731783
vt -0.000000 0.728466
vt 0.033679 0.771740
vt -0.000000 0.775057
vt 0.182475 0.009900
vt 0.232247 -0.000000
vt 0.234168 0.019512
vt 0.188166 0.028662
vt 0.485920 0.135591
vt 0.505340 0.182475
vt 0.486578 0.188166
vt 0.468629 0.144833
vt 0.421844 0.457727
vt 0.379649 0.485920
vt 0.370407 0.468629
vt 0.409406 0.442571
vt -0.000000 0.232247
vt 0.009900 0.182475
vt 0.028662 0.188167
vt 0.019512 0.234169
vt 0.093397 0.457727
vt 0.057514 0.421844
vt 0.072669 0.409406
vt 0.105835 0.442571
vt 0.282993 -0.000000
vt 0.281072 0.019512
vt 0.515240 0.232247
vt 0.495729 0.234168
vt 0.332765 0.505340
vt 0.327074 0.486578
vt 0.029320 0.135591
vt 0.046611 0.144834
vt 0.029320 0.379649
vt 0.046611 0.370407
vt 0.332765 0.009900
vt 0.327074 0.028662
vt 0.515240 0.282993
vt 0.495729 0.281072
vt 0.282994 0.515240
vt 0.281072 0.495729
vt 0.057513 0.093397
vt 0.072669 0.105835
vt 0.009900 0.332765
vt 0.028662 0.327074
vt 0.379649 0.029320
vt 0.370407 0.046611
vt 0.505340 0.332765
vt 0.486578 0.327074
vt 0.232247 0.515240
vt 0.234169 0.495729
vt 0.093397 0.057514
vt 0.105835 0.072669
vt 0.421843 0.057513
vt 0.409405 0.072669
vt 0.485920 0.379649
vt 0.468629 0.370407
vt 0.182475 0.505340
vt 0.188167 0.486578
vt 0.135591 0.029320
vt 0.144833 0.046611
vt 0.457727 0.093397
vt 0.442571 0.105835
vt 0.457727 0.421843
vt 0.442571 0.409405
vt 0.000000 0.282994
vt 0.019512 0.281072
vt 0.135591 0.485920
vt 0.144834 0.468629
vt 0.641402 0.327530
vt 0.643147 0.369724
vt 0.641402 0.083472
vt 0.640201 0.130356
vt 0.649772 0.517481
vt 0.648856 0.467714
vt 0.603507 0.709264
vt 0.602859 0.759036
vt 0.769700 0.194069
vt 0.770009 0.243843
vt 0.645367 0.405608
vt 0.639588 0.180128
vt 0.647368 0.420838
vt 0.601587 0.805920
vt 0.770925 0.290733
vt 0.645367 0.742992
vt 0.647368 0.707096
vt 0.645367 0.378655
vt 0.599740 0.848114
vt 0.772412 0.332938
vt 0.648856 0.664892
vt 0.599740 0.519667
vt 0.601587 0.561862
vt 0.774414 0.004497
vt 0.772412 0.046680
vt 0.639588 0.230874
vt 0.774414 0.368834
vt 0.649772 0.618001
vt 0.602859 0.608746
vt 0.770925 0.093556
vt 0.640201 0.280646
vt 0.645367 0.005394
vt 0.643147 0.041278
vt 0.650081 0.568227
vt 0.603507 0.658517
vt 0.770009 0.143323
vt 0.229839 0.349203
vt 0.248240 0.352864
vt 0.331600 0.196906
vt 0.318334 0.183640
vt 0.162377 0.267001
vt 0.166037 0.285402
vt 0.212506 0.342024
vt 0.342024 0.212505
vt 0.162377 0.248240
vt 0.196906 0.331601
vt 0.349203 0.229839
vt 0.166037 0.229839
vt 0.183640 0.318334
vt 0.352864 0.248239
vt 0.173216 0.212506
vt 0.173217 0.302735
vt 0.352864 0.267001
vt 0.183640 0.196906
vt 0.349203 0.285402
vt 0.196906 0.183640
vt 0.342024 0.302735
vt 0.212505 0.173217
vt 0.331601 0.318334
vt 0.229839 0.166037
vt 0.318334 0.331600
vt 0.248239 0.162377
vt 0.302735 0.342024
vt 0.267001 0.162377
vt 0.285402 0.349203
vt 0.285402 0.166037
vt 0.267001 0.352864
vt 0.302735 0.173217
vt 0.655922 0.797130
vt 0.666072 0.781940
vt 0.671528 0.786417
vt 0.662147 0.800457
vt 0.830854 0.850194
vt 0.827290 0.868112
vt 0.820535 0.866063
vt 0.823829 0.849503
vt 0.678990 0.769022
vt 0.683468 0.774478
vt 0.820298 0.884990
vt 0.814074 0.881663
vt 0.694180 0.758872
vt 0.697507 0.765097
vt 0.810149 0.900180
vt 0.804693 0.895703
vt 0.711058 0.751881
vt 0.713107 0.758635
vt 0.797231 0.913098
vt 0.792753 0.907642
vt 0.728976 0.748317
vt 0.729668 0.755341
vt 0.782041 0.923248
vt 0.778714 0.917023
vt 0.747245 0.748317
vt 0.746553 0.755341
vt 0.765163 0.930239
vt 0.763114 0.923485
vt 0.765163 0.751881
vt 0.763114 0.758635
vt 0.747245 0.933803
vt 0.746553 0.926779
vt 0.782041 0.758872
vt 0.778714 0.765097
vt 0.728976 0.933803
vt 0.729668 0.926779
vt 0.797231 0.769022
vt 0.792753 0.774478
vt 0.655922 0.884990
vt 0.648931 0.868112
vt 0.655685 0.866063
vt 0.662147 0.881663
vt 0.711058 0.930239
vt 0.713107 0.923485
vt 0.810149 0.781940
vt 0.804693 0.786417
vt 0.645367 0.850194
vt 0.652391 0.849503
vt 0.694180 0.923248
vt 0.697507 0.917023
vt 0.820298 0.797130
vt 0.814074 0.800457
vt 0.645367 0.831926
vt 0.652391 0.832617
vt 0.678990 0.913098
vt 0.683468 0.907642
vt 0.827290 0.814008
vt 0.820535 0.816057
vt 0.648931 0.814008
vt 0.655685 0.816057
vt 0.666072 0.900180
vt 0.671528 0.895703
vt 0.830854 0.831926
vt 0.823829 0.832617
vt 0.899642 0.165146
vt 0.898960 0.149547
vt 0.910125 0.149547
vt 0.910807 0.165146
vt 0.609334 0.757864
vt 0.609334 0.739103
vt 0.620501 0.739103
vt 0.620501 0.757864
vt 0.957142 0.883014
vt 0.956402 0.869743
vt 0.967569 0.869811
vt 0.968309 0.883082
vt 0.900113 0.182479
vt 0.911277 0.182479
vt 0.609560 0.776265
vt 0.620728 0.776265
vt 0.610650 0.687769
vt 0.611470 0.674503
vt 0.622638 0.674503
vt 0.621817 0.687769
vt 0.900352 0.200880
vt 0.911517 0.200880
vt 0.610005 0.793598
vt 0.621172 0.793598
vt 0.610005 0.703369
vt 0.621172 0.703369
vt 0.900352 0.219641
vt 0.911517 0.219641
vt 0.610650 0.809198
vt 0.621817 0.809198
vt 0.609560 0.720702
vt 0.620728 0.720702
vt 0.900113 0.238042
vt 0.911277 0.238042
vt 0.611470 0.822464
vt 0.622638 0.822464
vt 0.899642 0.255375
vt 0.910807 0.255375
vt 0.991604 0.869743
vt 0.990864 0.883014
vt 0.979697 0.883082
vt 0.980437 0.869811
vt 0.898960 0.270975
vt 0.910124 0.270975
vt 0.992154 0.854140
vt 0.980987 0.854208
vt 0.956402 0.763912
vt 0.957142 0.748317
vt 0.968309 0.748385
vt 0.967569 0.763980
vt 0.992493 0.836804
vt 0.981326 0.836872
vt 0.955852 0.781242
vt 0.967019 0.781310
vt 0.992607 0.818402
vt 0.981440 0.818470
vt 0.955514 0.799641
vt 0.966681 0.799709
vt 0.992493 0.799641
vt 0.981326 0.799709
vt 0.955399 0.818402
vt 0.966567 0.818470
vt 0.992154 0.781242
vt 0.980987 0.781310
vt 0.955514 0.836804
vt 0.966681 0.836872
vt 0.991604 0.763912
vt 0.980437 0.763980
vt 0.955852 0.854140
vt 0.967019 0.854208
vt 0.990864 0.748317
vt 0.979697 0.748385
vt 0.915580 0.151140
vt 0.916244 0.166330
vt 0.626240 0.739349
vt 0.626240 0.757618
vt 0.973283 0.868252
vt 0.974003 0.881174
vt 0.916702 0.183209
vt 0.626460 0.775536
vt 0.628320 0.676445
vt 0.627521 0.689363
vt 0.916936 0.201126
vt 0.626893 0.792414
vt 0.626893 0.704553
vt 0.916936 0.219395
vt 0.627521 0.807604
vt 0.626460 0.721431
vt 0.916702 0.237313
vt 0.628320 0.820522
vt 0.916244 0.254191
vt 0.974003 0.881174
vt 0.974724 0.868252
vt 0.915580 0.269381
vt 0.975259 0.853058
vt 0.974003 0.750013
vt 0.973283 0.765199
vt 0.975589 0.836178
vt 0.972747 0.782074
vt 0.975700 0.818259
vt 0.972418 0.799990
vt 0.975589 0.799990
vt 0.972306 0.818259
vt 0.975259 0.782074
vt 0.972418 0.836178
vt 0.974724 0.765199
vt 0.972747 0.853058
vt 0.974003 0.750013
s 1
usemtl Material.001
f 704/745/577 575/746/578 576/747/579 673/748/580
f 703/749/581 574/750/582 575/746/578 704/745/577
f 702/751/583 573/752/584 574/750/582 703/749/581
f 701/753/585 572/754/586 573/752/584 702/751/583
f 700/755/587 571/756/588 572/754/586 701/753/585
f 699/757/589 570/758/590 571/756/588 700/755/587
f 698/759/591 569/760/592 570/758/590 699/757/589
f 697/761/593 568/762/594 569/760/592 698/759/591
f 696/763/595 567/764/596 568/762/594 697/761/593
f 695/765/597 566/766/598 567/764/596 696/763/595
f 694/767/599 565/768/600 566/766/598 695/765/597
f 693/769/601 564/770/602 565/768/600 694/767/599
f 692/771/603 563/772/604 564/770/602 693/769/601
f 691/773/605 562/774/606 563/772/604 692/771/603
f 690/775/607 561/776/608 562/774/606 691/773/605
f 689/777/609 560/778/610 561/776/608 690/775/607
f 688/779/611 559/780/612 560/778/610 689/777/609
f 687/781/613 558/782/614 559/780/612 688/779/611
f 686/783/615 557/784/616 558/782/614 687/781/613
f 685/785/617 556/786/618 557/784/616 686/783/615
f 684/787/619 555/788/620 556/786/618 685/785/617
f 683/789/621 554/790/622 555/788/620 684/787/619
f 682/791/623 553/792/624 554/790/622 683/789/621
f 681/793/625 552/794/626 553/792/624 682/791/623
f 680/795/627 551/796/628 552/794/626 681/793/625
f 679/797/629 550/798/630 551/796/628 680/795/627
f 678/799/631 549/800/632 550/798/630 679/797/629
f 677/801/633 548/802/634 549/800/632 678/799/631
f 676/803/635 547/804/636 548/802/634 677/801/633
f 675/805/637 546/806/638 547/804/636 676/803/635
f 674/807/639 545/808/640 546/806/638 675/805/637
f 673/748/580 576/747/579 545/808/640 674/807/639
f 513/809/641 608/810/642 577/811/643 514/812/644
f 514/812/644 577/811/643 578/813/645 515/814/646
f 515/814/646 578/813/645 579/815/647 516/816/648
f 516/816/648 579/815/647 580/817/649 517/818/650
f 517/819/650 580/820/649 581/821/651 518/822/652
f 518/822/652 581/821/651 582/823/653 519/824/654
f 519/824/654 582/823/653 583/825/655 520/826/656
f 520/826/656 583/825/655 584/827/657 521/828/658
f 521/828/658 584/827/657 585/829/659 522/830/660
f 522/830/660 585/829/659 586/831/661 523/832/662
f 523/832/662 586/831/661 587/833/663 524/834/664
f 524/834/664 587/833/663 588/835/665 525/836/666
f 525/837/666 588/838/665 589/839/667 526/840/668
f 526/840/668 589/839/667 590/841/669 527/842/670
f 527/842/670 590/841/669 591/843/671 528/844/672
f 528/844/672 591/843/671 592/845/673 529/846/674
f 529/846/674 592/845/673 593/847/675 530/848/676
f 530/848/676 593/847/675 594/849/677 531/850/678
f 531/850/678 594/849/677 595/851/679 532/852/680
f 532/853/680 595/854/679 596/855/681 533/856/682
f 533/856/682 596/855/681 597/857/683 534/858/684
f 534/858/684 597/857/683 598/859/685 535/860/686
f 535/860/686 598/859/685 599/861/687 536/862/688
f 536/862/688 599/861/687 600/863/689 537/864/690
f 537/864/690 600/863/689 601/865/691 538/866/692
f 538/866/692 601/865/691 602/867/693 539/868/694
f 539/868/694 602/867/693 603/869/695 540/870/696
f 540/871/696 603/872/695 604/873/697 541/874/698
f 541/874/698 604/873/697 605/875/699 542/876/700
f 542/876/700 605/875/699 606/877/701 543/878/702
f 543/878/702 606/877/701 607/879/703 544/880/704
f 544/880/704 607/879/703 608/810/642 513/809/641
f 608/810/642 609/881/705 610/882/706 577/811/643
f 577/811/643 610/882/706 611/883/707 578/813/645
f 578/813/645 611/883/707 612/884/708 579/815/647
f 579/815/647 612/884/708 613/885/709 580/817/649
f 580/820/649 613/886/709 614/887/710 581/821/651
f 581/821/651 614/887/710 615/888/711 582/823/653
f 582/823/653 615/888/711 616/889/712 583/825/655
f 583/825/655 616/889/712 617/890/713 584/827/657
f 584/827/657 617/890/713 618/891/714 585/829/659
f 585/829/659 618/891/714 619/892/715 586/831/661
f 586/831/661 619/892/715 620/893/716 587/833/663
f 587/833/663 620/893/716 621/894/717 588/835/665
f 588/838/665 621/895/717 622/896/718 589/839/667
f 589/839/667 622/896/718 623/897/719 590/841/669
f 590/841/669 623/897/719 624/898/720 591/843/671
f 591/843/671 624/898/720 625/899/721 592/845/673
f 592/845/673 625/899/721 626/900/722 593/847/675
f 593/847/675 626/900/722 627/901/723 594/849/677
f 594/849/677 627/901/723 628/902/724 595/851/679
f 595/854/679 628/903/724 629/904/725 596/855/681
f 596/855/681 629/904/725 630/905/726 597/857/683
f 597/857/683 630/905/726 631/906/727 598/859/685
f 598/859/685 631/906/727 632/907/728 599/861/687
f 599/861/687 632/907/728 633/908/729 600/863/689
f 600/863/689 633/908/729 634/909/730 601/865/691
f 601/865/691 634/909/730 635/910/731 602/867/693
f 602/867/693 635/910/731 636/911/732 603/869/695
f 603/872/695 636/912/732 637/913/733 604/873/697
f 604/873/697 637/913/733 638/914/734 605/875/699
f 605/875/699 638/914/734 639/915/735 606/877/701
f 606/877/701 639/915/735 640/916/736 607/879/703
f 607/879/703 640/916/736 609/881/705 608/810/642
f 609/917/705 641/918/737 642/919/738 610/920/706
f 610/920/706 642/919/738 643/921/739 611/922/707
f 611/922/707 643/921/739 644/923/740 612/924/708
f 612/924/708 644/923/740 645/925/741 613/926/709
f 613/926/709 645/925/741 646/927/742 614/928/710
f 614/928/710 646/927/742 647/929/743 615/930/711
f 615/930/711 647/929/743 648/931/744 616/932/712
f 616/932/712 648/931/744 649/933/745 617/934/713
f 617/934/713 649/933/745 650/935/746 618/936/714
f 618/936/714 650/935/746 651/937/747 619/938/715
f 619/938/715 651/937/747 652/939/748 620/940/716
f 620/940/716 652/939/748 653/941/749 621/942/717
f 621/942/717 653/941/749 654/943/750 622/944/718
f 622/944/718 654/943/750 655/945/751 623/946/719
f 623/946/719 655/945/751 656/947/752 624/948/720
f 624/948/720 656/947/752 657/949/753 625/950/721
f 625/950/721 657/949/753 658/951/754 626/952/722
f 626/952/722 658/951/754 659/953/755 627/954/723
f 627/954/723 659/953/755 660/955/756 628/956/724
f 628/956/724 660/955/756 661/957/757 629/958/725
f 629/958/725 661/957/757 662/959/758 630/960/726
f 630/960/726 662/959/758 663/961/759 631/962/727
f 631/962/727 663/961/759 664/963/760 632/964/728
f 632/964/728 664/963/760 665/965/761 633/966/729
f 633/966/729 665/965/761 666/967/762 634/968/730
f 634/968/730 666/967/762 667/969/763 635/970/731
f 635/970/731 667/969/763 668/971/764 636/972/732
f 636/972/732 668/971/764 669/973/765 637/974/733
f 637/974/733 669/973/765 670/975/766 638/976/734
f 638/976/734 670/975/766 671/977/767 639/978/735
f 639/978/735 671/977/767 672/979/768 640/980/736
f 640/980/736 672/979/768 641/918/737 609/917/705
f 641/918/737 673/748/580 674/807/639 642/919/738
f 642/919/738 674/807/639 675/805/637 643/921/739
f 643/921/739 675/805/637 676/803/635 644/923/740
f 644/923/740 676/803/635 677/801/633 645/925/741
f 645/925/741 677/801/633 678/799/631 646/927/742
f 646/927/742 678/799/631 679/797/629 647/929/743
f 647/929/743 679/797/629 680/795/627 648/931/744
f 648/931/744 680/795/627 681/793/625 649/933/745
f 649/933/745 681/793/625 682/791/623 650/935/746
f 650/935/746 682/791/623 683/789/621 651/937/747
f 651/937/747 683/789/621 684/787/619 652/939/748
f 652/939/748 684/787/619 685/785/617 653/941/749
f 653/941/749 685/785/617 686/783/615 654/943/750
f 654/943/750 686/783/615 687/781/613 655/945/751
f 655/945/751 687/781/613 688/779/611 656/947/752
f 656/947/752 688/779/611 689/777/609 657/949/753
f 657/949/753 689/777/609 690/775/607 658/951/754
f 658/951/754 690/775/607 691/773/605 659/953/755
f 659/953/755 691/773/605 692/771/603 660/955/756
f 660/955/756 692/771/603 693/769/601 661/957/757
f 661/957/757 693/769/601 694/767/599 662/959/758
f 662/959/758 694/767/599 695/765/597 663/961/759
f 663/961/759 695/765/597 696/763/595 664/963/760
f 664/963/760 696/763/595 697/761/593 665/965/761
f 665/965/761 697/761/593 698/759/591 666/967/762
f 666/967/762 698/759/591 699/757/589 667/969/763
f 667/969/763 699/757/589 700/755/587 668/971/764
f 668/971/764 700/755/587 701/753/585 669/973/765
f 669/973/765 701/753/585 702/751/583 670/975/766
f 670/975/766 702/751/583 703/749/581 671/977/767
f 671/977/767 703/749/581 704/745/577 672/979/768
f 672/979/768 704/745/577 673/748/580 641/918/737
f 575/746/578 574/750/582 573/752/584 572/754/586 571/756/588 570/758/590 569/760/592 568/762/594 567/764/596 566/766/598 565/768/600 564/770/602 563/772/604 562/774/606 561/776/608 560/778/610 559/780/612 558/782/614 557/784/616 556/786/618 555/788/620 554/790/622 553/792/624 552/794/626 551/796/628 550/798/630 549/800/632 548/802/634 547/804/636 546/806/638 545/808/640 576/747/579
f 738/981/769 737/982/770 714/983/771 713/984/772
f 740/985/773 739/986/774 721/987/775 720/988/776
f 742/989/777 741/990/778 728/991/779 727/992/780
f 744/993/781 743/994/782 708/995/783 707/996/784
f 746/997/785 745/998/786 735/999/787 734/1000/788
f 737/982/770 747/1001/789 715/1002/790 714/983/771
f 739/986/774 748/1003/791 722/1004/792 721/987/775
f 741/990/778 749/1005/793 729/1006/794 728/991/779
f 743/994/782 750/1007/795 709/1008/796 708/995/783
f 745/998/786 751/1009/797 736/1010/798 735/999/787
f 747/1001/789 752/1011/799 716/1012/800 715/1002/790
f 748/1003/791 753/1013/801 723/1014/802 722/1004/792
f 749/1005/793 754/1015/803 730/1016/804 729/1006/794
f 750/1007/795 755/1017/805 710/1018/806 709/1008/796
f 751/1009/797 756/1019/807 705/1020/808 736/1010/798
f 752/1011/799 757/1021/809 717/1022/810 716/1012/800
f 753/1013/801 758/1023/811 724/1024/812 723/1014/802
f 754/1015/803 759/1025/813 731/1026/814 730/1016/804
f 755/1017/805 760/1027/815 711/1028/816 710/1018/806
f 757/1021/809 761/1029/817 718/1030/818 717/1022/810
f 758/1023/811 762/1031/819 725/1032/820 724/1024/812
f 759/1025/813 763/1033/821 732/1034/822 731/1026/814
f 760/1027/815 764/1035/823 712/1036/824 711/1028/816
f 761/1029/817 765/1037/825 719/1038/826 718/1030/818
f 762/1031/819 766/1039/827 726/1040/828 725/1032/820
f 756/1019/807 767/1041/829 706/1042/830 705/1020/808
f 763/1033/821 768/1043/831 733/1044/832 732/1034/822
f 764/1035/823 738/981/769 713/984/772 712/1036/824
f 765/1037/825 740/985/773 720/988/776 719/1038/826
f 766/1039/827 742/989/777 727/992/780 726/1040/828
f 767/1041/829 744/993/781 707/996/784 706/1042/830
f 768/1043/831 746/997/785 734/1000/788 733/1044/832
f 541/874/833 542/876/834 746/1045/785 768/1046/831
f 514/812/835 515/814/836 744/1047/781 767/1048/829
f 534/858/837 535/860/838 742/1049/777 766/1050/827
f 527/842/839 528/844/840 740/1051/773 765/1052/825
f 520/826/841 521/828/842 738/1053/769 764/1054/823
f 540/871/843 541/874/833 768/1046/831 763/1055/821
f 513/809/844 514/812/835 767/1048/829 756/1056/807
f 533/856/845 534/858/837 766/1050/827 762/1057/819
f 526/840/846 527/842/839 765/1052/825 761/1058/817
f 519/824/847 520/826/841 764/1054/823 760/1059/815
f 539/868/848 540/870/843 763/1060/821 759/1061/813
f 532/853/849 533/856/845 762/1057/819 758/1062/811
f 525/837/850 526/840/846 761/1058/817 757/1063/809
f 518/822/851 519/824/847 760/1059/815 755/1064/805
f 538/866/852 539/868/848 759/1061/813 754/1065/803
f 531/850/853 532/852/849 758/1066/811 753/1067/801
f 524/834/854 525/836/850 757/1068/809 752/1069/799
f 544/880/855 513/809/844 756/1056/807 751/1070/797
f 517/819/856 518/822/851 755/1064/805 750/1071/795
f 537/864/857 538/866/852 754/1065/803 749/1072/793
f 530/848/858 531/850/853 753/1067/801 748/1073/791
f 523/832/859 524/834/854 752/1069/799 747/1074/789
f 543/878/860 544/880/855 751/1070/797 745/1075/786
f 516/816/861 517/818/856 750/1076/795 743/1077/782
f 536/862/862 537/864/857 749/1072/793 741/1078/778
f 529/846/863 530/848/858 748/1073/791 739/1079/774
f 522/830/864 523/832/859 747/1074/789 737/1080/770
f 542/876/834 543/878/860 745/1075/786 746/1045/785
f 515/814/836 516/816/861 743/1077/782 744/1047/781
f 535/860/838 536/862/862 741/1078/778 742/1049/777
f 528/844/840 529/846/863 739/1079/774 740/1051/773
f 521/828/842 522/830/864 737/1080/770 738/1053/769
f 731/1026/865 732/1034/865 796/1081/865 795/1082/865
f 718/1030/865 719/1038/865 783/1083/865 782/1084/865
f 705/1020/865 706/1042/865 770/1085/865 769/1086/865
f 732/1034/865 733/1044/865 797/1087/865 796/1081/865
f 719/1038/865 720/988/865 784/1088/865 783/1083/865
f 706/1042/865 707/996/865 771/1089/865 770/1085/865
f 733/1044/865 734/1000/865 798/1090/865 797/1087/865
f 720/988/865 721/987/865 785/1091/865 784/1088/865
f 707/996/865 708/995/865 772/1092/865 771/1089/865
f 734/1000/865 735/999/865 799/1093/865 798/1090/865
f 721/987/865 722/1004/865 786/1094/865 785/1091/865
f 708/995/865 709/1008/865 773/1095/865 772/1092/865
f 735/999/865 736/1010/865 800/1096/865 799/1093/865
f 722/1004/865 723/1014/865 787/1097/865 786/1094/865
f 709/1008/865 710/1018/865 774/1098/865 773/1095/865
f 736/1010/865 705/1020/865 769/1086/865 800/1096/865
f 723/1014/865 724/1024/865 788/1099/865 787/1097/865
f 710/1018/865 711/1028/865 775/1100/865 774/1098/865
f 724/1024/865 725/1032/865 789/1101/865 788/1099/865
f 711/1028/865 712/1036/865 776/1102/865 775/1100/865
f 725/1032/865 726/1040/865 790/1103/865 789/1101/865
f 712/1036/865 713/984/865 777/1104/865 776/1102/865
f 726/1040/865 727/992/865 791/1105/865 790/1103/865
f 713/984/865 714/983/865 778/1106/865 777/1104/865
f 727/992/865 728/991/865 792/1107/865 791/1105/865
f 714/983/865 715/1002/865 779/1108/865 778/1106/865
f 728/991/865 729/1006/865 793/1109/865 792/1107/865
f 715/1002/865 716/1012/865 780/1110/865 779/1108/865
f 729/1006/865 730/1016/865 794/1111/865 793/1109/865
f 716/1012/865 717/1022/865 781/1112/865 780/1110/865
f 730/1016/865 731/1026/865 795/1082/865 794/1111/865
f 717/1022/865 718/1030/865 782/1084/865 781/1112/865
f 894/1113/866 865/1114/867 807/1115/868 806/1116/869
f 895/1117/870 866/1118/871 821/1119/872 820/1120/873
f 865/1114/867 867/1121/874 808/1122/875 807/1115/868
f 866/1118/871 868/1123/876 822/1124/877 821/1119/872
f 867/1121/874 869/1125/878 809/1126/879 808/1122/875
f 868/1123/876 870/1127/880 823/1128/881 822/1124/877
f 869/1125/878 871/1129/882 810/1130/883 809/1126/879
f 870/1127/880 872/1131/884 824/1132/885 823/1128/881
f 871/1129/882 873/1133/886 811/1134/887 810/1130/883
f 872/1131/884 874/1135/888 825/1136/889 824/1132/885
f 873/1133/886 875/1137/890 812/1138/891 811/1134/887
f 874/1135/888 876/1139/892 826/1140/893 825/1136/889
f 875/1137/890 877/1141/894 813/1142/895 812/1138/891
f 876/1139/892 878/1143/896 827/1144/897 826/1140/893
f 877/1141/894 879/1145/898 814/1146/899 813/1142/895
f 878/1143/896 880/1147/900 828/1148/901 827/1144/897
f 879/1145/898 881/1149/902 815/1150/903 814/1146/899
f 896/1151/904 882/1152/905 802/1153/906 801/1154/907
f 880/1147/900 883/1155/908 829/1156/909 828/1148/901
f 881/1149/902 884/1157/910 816/1158/911 815/1150/903
f 882/1152/905 885/1159/912 803/1160/913 802/1153/906
f 883/1155/908 886/1161/914 830/1162/915 829/1156/909
f 884/1157/910 887/1163/916 817/1164/917 816/1158/911
f 885/1159/912 888/1165/918 804/1166/919 803/1160/913
f 886/1161/914 889/1167/920 831/1168/921 830/1162/915
f 887/1163/916 890/1169/922 818/1170/923 817/1164/917
f 888/1165/918 891/1171/924 805/1172/925 804/1166/919
f 889/1167/920 892/1173/926 832/1174/927 831/1168/921
f 890/1169/922 893/1175/928 819/1176/929 818/1170/923
f 891/1171/924 894/1113/866 806/1116/869 805/1172/925
f 892/1173/926 896/1151/904 801/1154/907 832/1174/927
f 893/1175/928 895/1117/870 820/1120/873 819/1176/929
f 787/1177/930 788/1178/931 836/1179/932 864/1180/933
f 800/1181/934 769/1182/935 853/1183/936 863/1184/937
f 773/1185/938 774/1186/939 834/1187/940 862/1188/941
f 786/1189/942 787/1177/930 864/1180/933 861/1190/943
f 799/1191/944 800/1181/934 863/1184/937 860/1192/945
f 772/1193/946 773/1194/938 862/1195/941 859/1196/947
f 785/1197/948 786/1189/942 861/1190/943 858/1198/949
f 798/1199/950 799/1191/944 860/1192/945 857/1200/951
f 771/1201/952 772/1193/946 859/1196/947 856/1202/953
f 784/1203/954 785/1197/948 858/1198/949 855/1204/955
f 797/1205/956 798/1199/950 857/1200/951 854/1206/957
f 770/1207/958 771/1201/952 856/1202/953 852/1208/959
f 783/1209/960 784/1203/954 855/1204/955 851/1210/961
f 796/1211/962 797/1205/956 854/1206/957 850/1212/963
f 769/1182/935 770/1207/958 852/1208/959 853/1183/936
f 782/1213/964 783/1209/960 851/1210/961 849/1214/965
f 795/1215/966 796/1216/962 850/1217/963 848/1218/967
f 781/1219/968 782/1213/964 849/1214/965 847/1220/969
f 794/1221/970 795/1215/966 848/1218/967 846/1222/971
f 780/1223/972 781/1224/968 847/1225/969 845/1226/973
f 793/1227/974 794/1221/970 846/1222/971 844/1228/975
f 779/1229/976 780/1223/972 845/1226/973 843/1230/977
f 792/1231/978 793/1227/974 844/1228/975 842/1232/979
f 778/1233/980 779/1229/976 843/1230/977 841/1234/981
f 791/1235/982 792/1231/978 842/1232/979 840/1236/983
f 777/1237/984 778/1233/980 841/1234/981 839/1238/985
f 790/1239/986 791/1235/982 840/1236/983 838/1240/987
f 776/1241/988 777/1237/984 839/1238/985 837/1242/989
f 789/1243/990 790/1239/986 838/1240/987 835/1244/991
f 775/1245/992 776/1241/988 837/1242/989 833/1246/993
f 788/1247/931 789/1243/990 835/1244/991 836/1248/932
f 774/1186/939 775/1245/992 833/1246/993 834/1187/940
f 864/1180/933 836/1179/932 895/1249/870 893/1250/928
f 863/1184/937 853/1183/936 896/1251/904 892/1252/926
f 862/1188/941 834/1187/940 894/1253/866 891/1254/924
f 861/1190/943 864/1180/933 893/1250/928 890/1255/922
f 860/1192/945 863/1184/937 892/1252/926 889/1256/920
f 859/1196/947 862/1195/941 891/1257/924 888/1258/918
f 858/1198/949 861/1190/943 890/1255/922 887/1259/916
f 857/1200/951 860/1192/945 889/1256/920 886/1260/914
f 856/1202/953 859/1196/947 888/1258/918 885/1261/912
f 855/1204/955 858/1198/949 887/1259/916 884/1262/910
f 854/1206/957 857/1200/951 886/1260/914 883/1263/908
f 852/1208/959 856/1202/953 885/1261/912 882/1264/905
f 851/1210/961 855/1204/955 884/1262/910 881/1265/902
f 850/1212/963 854/1206/957 883/1263/908 880/1266/900
f 853/1183/936 852/1208/959 882/1264/905 896/1251/904
f 849/1214/965 851/1210/961 881/1265/902 879/1267/898
f 848/1218/967 850/1217/963 880/1268/900 878/1269/896
f 847/1220/969 849/1214/965 879/1267/898 877/1270/894
f 846/1222/971 848/1218/967 878/1269/896 876/1271/892
f 845/1226/973 847/1225/969 877/1272/894 875/1273/890
f 844/1228/975 846/1222/971 876/1271/892 874/1274/888
f 843/1230/977 845/1226/973 875/1273/890 873/1275/886
f 842/1232/979 844/1228/975 874/1274/888 872/1276/884
f 841/1234/981 843/1230/977 873/1275/886 871/1277/882
f 840/1236/983 842/1232/979 872/1276/884 870/1278/880
f 839/1238/985 841/1234/981 871/1277/882 869/1279/878
f 838/1240/987 840/1236/983 870/1278/880 868/1280/876
f 837/1242/989 839/1238/985 869/1279/878 867/1281/874
f 835/1244/991 838/1240/987 868/1280/876 866/1282/871
f 833/1246/993 837/1242/989 867/1281/874 865/1283/867
f 836/1248/932 835/1244/991 866/1282/871 895/1284/870
f 834/1187/940 833/1246/993 865/1283/867 894/1253/866
